site,model,harmonized,subject,true_age,pred_age
ABIDEI-CALTECH,ElasticNet,False,Caltech_0051475,44.2,23.023572462375682
ABIDEI-CALTECH,ElasticNet,False,Caltech_0051487,17.0,11.44320252968464
ABIDEI-CALTECH,ElasticNet,False,Caltech_0051493,29.2,35.14125929632496
ABIDEI-CALTECH,ElasticNet,False,Caltech_0051492,18.7,26.802608344282135
ABIDEI-CALTECH,ElasticNet,False,Caltech_0051491,56.2,40.49280477856087
ABIDEI-CALTECH,ElasticNet,False,Caltech_0051490,44.1,39.05105239430202
ABIDEI-CALTECH,ElasticNet,False,Caltech_0051489,34.1,34.94082913127727
ABIDEI-CALTECH,ElasticNet,False,Caltech_0051486,22.0,21.073188513556374
ABIDEI-CALTECH,ElasticNet,False,Caltech_0051485,23.9,22.41371086166646
ABIDEI-CALTECH,ElasticNet,False,Caltech_0051488,23.3,28.28575746462434
ABIDEI-CALTECH,ElasticNet,False,Caltech_0051483,20.9,23.806041673650157
ABIDEI-CALTECH,ElasticNet,False,Caltech_0051482,21.1,23.697440189884674
ABIDEI-CALTECH,ElasticNet,False,Caltech_0051480,20.8,29.986348454297968
ABIDEI-CALTECH,ElasticNet,False,Caltech_0051479,20.0,36.38255754568422
ABIDEI-CALTECH,ElasticNet,False,Caltech_0051478,19.7,23.783960277598226
ABIDEI-CALTECH,ElasticNet,False,Caltech_0051477,42.5,44.02678166281055
ABIDEI-CALTECH,ElasticNet,False,Caltech_0051476,39.3,35.120606413238875
ABIDEI-CALTECH,ElasticNet,False,Caltech_0051484,23.6,24.093416947496394
ABIDEI-CALTECH,ElasticNet,False,Caltech_0051481,27.9,32.052160732465836
ABIDEI-CALTECH,RandomForest,False,Caltech_0051475,44.2,16.174042682000092
ABIDEI-CALTECH,RandomForest,False,Caltech_0051487,17.0,13.969280495156736
ABIDEI-CALTECH,RandomForest,False,Caltech_0051493,29.2,29.04142795956091
ABIDEI-CALTECH,RandomForest,False,Caltech_0051492,18.7,21.202459286711647
ABIDEI-CALTECH,RandomForest,False,Caltech_0051491,56.2,44.45629219037185
ABIDEI-CALTECH,RandomForest,False,Caltech_0051490,44.1,43.150960664481296
ABIDEI-CALTECH,RandomForest,False,Caltech_0051489,34.1,35.00309482116826
ABIDEI-CALTECH,RandomForest,False,Caltech_0051486,22.0,18.788219589949936
ABIDEI-CALTECH,RandomForest,False,Caltech_0051485,23.9,18.293826977847115
ABIDEI-CALTECH,RandomForest,False,Caltech_0051488,23.3,23.032101119948038
ABIDEI-CALTECH,RandomForest,False,Caltech_0051483,20.9,18.98705568919727
ABIDEI-CALTECH,RandomForest,False,Caltech_0051482,21.1,17.62538755113506
ABIDEI-CALTECH,RandomForest,False,Caltech_0051480,20.8,24.270970982648187
ABIDEI-CALTECH,RandomForest,False,Caltech_0051479,20.0,26.97030192847254
ABIDEI-CALTECH,RandomForest,False,Caltech_0051478,19.7,22.107176492065133
ABIDEI-CALTECH,RandomForest,False,Caltech_0051477,42.5,45.60443271627712
ABIDEI-CALTECH,RandomForest,False,Caltech_0051476,39.3,36.188309287684284
ABIDEI-CALTECH,RandomForest,False,Caltech_0051484,23.6,19.373849482045955
ABIDEI-CALTECH,RandomForest,False,Caltech_0051481,27.9,31.42978768620127
ABIDEI-CALTECH,XGBoost,False,Caltech_0051475,44.2,16.67960548400879
ABIDEI-CALTECH,XGBoost,False,Caltech_0051487,17.0,14.651627540588379
ABIDEI-CALTECH,XGBoost,False,Caltech_0051493,29.2,28.216243743896484
ABIDEI-CALTECH,XGBoost,False,Caltech_0051492,18.7,21.531238555908203
ABIDEI-CALTECH,XGBoost,False,Caltech_0051491,56.2,43.76527404785156
ABIDEI-CALTECH,XGBoost,False,Caltech_0051490,44.1,41.19969940185547
ABIDEI-CALTECH,XGBoost,False,Caltech_0051489,34.1,37.17832565307617
ABIDEI-CALTECH,XGBoost,False,Caltech_0051486,22.0,19.99823760986328
ABIDEI-CALTECH,XGBoost,False,Caltech_0051485,23.9,18.773277282714844
ABIDEI-CALTECH,XGBoost,False,Caltech_0051488,23.3,21.87096405029297
ABIDEI-CALTECH,XGBoost,False,Caltech_0051483,20.9,20.998123168945312
ABIDEI-CALTECH,XGBoost,False,Caltech_0051482,21.1,18.06195068359375
ABIDEI-CALTECH,XGBoost,False,Caltech_0051480,20.8,21.248615264892578
ABIDEI-CALTECH,XGBoost,False,Caltech_0051479,20.0,29.149152755737305
ABIDEI-CALTECH,XGBoost,False,Caltech_0051478,19.7,23.31859016418457
ABIDEI-CALTECH,XGBoost,False,Caltech_0051477,42.5,41.10719680786133
ABIDEI-CALTECH,XGBoost,False,Caltech_0051476,39.3,32.466060638427734
ABIDEI-CALTECH,XGBoost,False,Caltech_0051484,23.6,20.130958557128906
ABIDEI-CALTECH,XGBoost,False,Caltech_0051481,27.9,27.916654586791992
ABIDEI-CMU,ElasticNet,False,CMU_b_0050658,27.0,28.16931138010773
ABIDEI-CMU,ElasticNet,False,CMU_b_0050669,30.0,37.055707503167014
ABIDEI-CMU,ElasticNet,False,CMU_a_0050668,25.0,36.73617322971086
ABIDEI-CMU,ElasticNet,False,CMU_b_0050667,40.0,39.468488815473165
ABIDEI-CMU,ElasticNet,False,CMU_b_0050661,20.0,33.34491345537356
ABIDEI-CMU,ElasticNet,False,CMU_a_0050666,31.0,32.99871099616564
ABIDEI-CMU,ElasticNet,False,CMU_a_0050660,25.0,29.403237973622936
ABIDEI-CMU,ElasticNet,False,CMU_a_0050664,21.0,31.167817362420237
ABIDEI-CMU,ElasticNet,False,CMU_a_0050659,27.0,28.530971927978044
ABIDEI-CMU,ElasticNet,False,CMU_a_0050656,28.0,36.039182469446246
ABIDEI-CMU,ElasticNet,False,CMU_a_0050665,33.0,35.19934374641741
ABIDEI-CMU,ElasticNet,False,CMU_a_0050663,21.0,24.066344192195174
ABIDEI-CMU,ElasticNet,False,CMU_b_0050657,21.0,13.777181644463667
ABIDEI-CMU,RandomForest,False,CMU_b_0050658,27.0,23.993852004209007
ABIDEI-CMU,RandomForest,False,CMU_b_0050669,30.0,33.00604720702081
ABIDEI-CMU,RandomForest,False,CMU_a_0050668,25.0,26.67881678793234
ABIDEI-CMU,RandomForest,False,CMU_b_0050667,40.0,39.83244485728417
ABIDEI-CMU,RandomForest,False,CMU_b_0050661,20.0,26.397198116188196
ABIDEI-CMU,RandomForest,False,CMU_a_0050666,31.0,25.87914094959128
ABIDEI-CMU,RandomForest,False,CMU_a_0050660,25.0,24.037224032151812
ABIDEI-CMU,RandomForest,False,CMU_a_0050664,21.0,27.762065152041416
ABIDEI-CMU,RandomForest,False,CMU_a_0050659,27.0,20.459967353989203
ABIDEI-CMU,RandomForest,False,CMU_a_0050656,28.0,28.29989033669693
ABIDEI-CMU,RandomForest,False,CMU_a_0050665,33.0,35.00074166542796
ABIDEI-CMU,RandomForest,False,CMU_a_0050663,21.0,19.37888895869123
ABIDEI-CMU,RandomForest,False,CMU_b_0050657,21.0,14.558818055222991
ABIDEI-CMU,XGBoost,False,CMU_b_0050658,27.0,24.40782928466797
ABIDEI-CMU,XGBoost,False,CMU_b_0050669,30.0,34.258968353271484
ABIDEI-CMU,XGBoost,False,CMU_a_0050668,25.0,28.785856246948242
ABIDEI-CMU,XGBoost,False,CMU_b_0050667,40.0,41.361820220947266
ABIDEI-CMU,XGBoost,False,CMU_b_0050661,20.0,27.43352699279785
ABIDEI-CMU,XGBoost,False,CMU_a_0050666,31.0,25.013103485107422
ABIDEI-CMU,XGBoost,False,CMU_a_0050660,25.0,23.37213897705078
ABIDEI-CMU,XGBoost,False,CMU_a_0050664,21.0,26.792449951171875
ABIDEI-CMU,XGBoost,False,CMU_a_0050659,27.0,20.811811447143555
ABIDEI-CMU,XGBoost,False,CMU_a_0050656,28.0,30.121978759765625
ABIDEI-CMU,XGBoost,False,CMU_a_0050665,33.0,34.29270553588867
ABIDEI-CMU,XGBoost,False,CMU_a_0050663,21.0,19.42664337158203
ABIDEI-CMU,XGBoost,False,CMU_b_0050657,21.0,13.051533699035645
ABIDEI-KKI,ElasticNet,False,KKI_0050808,11.09,14.248755472037601
ABIDEI-KKI,ElasticNet,False,KKI_0050809,8.43,-0.10641384979385293
ABIDEI-KKI,ElasticNet,False,KKI_0050810,11.85,11.954179825570918
ABIDEI-KKI,ElasticNet,False,KKI_0050811,12.76,10.950060818188376
ABIDEI-KKI,ElasticNet,False,KKI_0050813,10.79,8.601400895570805
ABIDEI-KKI,ElasticNet,False,KKI_0050816,9.73,18.497265938040186
ABIDEI-KKI,ElasticNet,False,KKI_0050812,9.97,9.710108904697904
ABIDEI-KKI,ElasticNet,False,KKI_0050820,8.87,3.4766843339898514
ABIDEI-KKI,ElasticNet,False,KKI_0050819,9.71,12.67566234664696
ABIDEI-KKI,ElasticNet,False,KKI_0050821,11.17,2.746806612911655
ABIDEI-KKI,ElasticNet,False,KKI_0050814,8.46,4.945354503875251
ABIDEI-KKI,ElasticNet,False,KKI_0050789,9.31,26.943468021433432
ABIDEI-KKI,ElasticNet,False,KKI_0050790,8.83,18.06727977068749
ABIDEI-KKI,ElasticNet,False,KKI_0050787,10.82,27.56687598720191
ABIDEI-KKI,ElasticNet,False,KKI_0050818,11.79,5.5589144959369605
ABIDEI-KKI,ElasticNet,False,KKI_0050786,8.75,14.039339488560131
ABIDEI-KKI,ElasticNet,False,KKI_0050782,10.18,4.040238964230866
ABIDEI-KKI,ElasticNet,False,KKI_0050772,12.77,13.84921687713711
ABIDEI-KKI,ElasticNet,False,KKI_0050817,9.97,19.676642696640215
ABIDEI-KKI,ElasticNet,False,KKI_0050774,10.64,2.6213931132595008
ABIDEI-KKI,ElasticNet,False,KKI_0050775,11.0,6.149852116734451
ABIDEI-KKI,ElasticNet,False,KKI_0050776,9.3,-0.940320841264338
ABIDEI-KKI,ElasticNet,False,KKI_0050777,8.39,-3.2727646761212554
ABIDEI-KKI,ElasticNet,False,KKI_0050779,9.41,28.312930511870604
ABIDEI-KKI,ElasticNet,False,KKI_0050780,9.82,5.084455253061492
ABIDEI-KKI,ElasticNet,False,KKI_0050778,9.73,6.8415881353232635
ABIDEI-KKI,ElasticNet,False,KKI_0050822,12.43,6.6782420401771105
ABIDEI-KKI,ElasticNet,False,KKI_0050788,10.25,12.987883896327844
ABIDEI-KKI,ElasticNet,False,KKI_0050784,8.07,3.577142870374928
ABIDEI-KKI,ElasticNet,False,KKI_0050773,10.84,-5.289943481661453
ABIDEI-KKI,ElasticNet,False,KKI_0050781,9.3,-1.8853222719683345
ABIDEI-KKI,ElasticNet,False,KKI_0050783,10.4,12.47438586318924
ABIDEI-KKI,RandomForest,False,KKI_0050808,11.09,12.749646361992097
ABIDEI-KKI,RandomForest,False,KKI_0050809,8.43,9.801625626381771
ABIDEI-KKI,RandomForest,False,KKI_0050810,11.85,10.26548467048279
ABIDEI-KKI,RandomForest,False,KKI_0050811,12.76,14.449653679570842
ABIDEI-KKI,RandomForest,False,KKI_0050813,10.79,10.317431277317995
ABIDEI-KKI,RandomForest,False,KKI_0050816,9.73,17.911510653233133
ABIDEI-KKI,RandomForest,False,KKI_0050812,9.97,11.379713657844059
ABIDEI-KKI,RandomForest,False,KKI_0050820,8.87,10.11394059058975
ABIDEI-KKI,RandomForest,False,KKI_0050819,9.71,12.364428025625903
ABIDEI-KKI,RandomForest,False,KKI_0050821,11.17,10.001897021815523
ABIDEI-KKI,RandomForest,False,KKI_0050814,8.46,10.109508873787906
ABIDEI-KKI,RandomForest,False,KKI_0050789,9.31,23.12193247520027
ABIDEI-KKI,RandomForest,False,KKI_0050790,8.83,15.779958823656571
ABIDEI-KKI,RandomForest,False,KKI_0050787,10.82,22.22909990857347
ABIDEI-KKI,RandomForest,False,KKI_0050818,11.79,9.41654632965471
ABIDEI-KKI,RandomForest,False,KKI_0050786,8.75,11.925510747745808
ABIDEI-KKI,RandomForest,False,KKI_0050782,10.18,10.545226487888478
ABIDEI-KKI,RandomForest,False,KKI_0050772,12.77,15.06510696012363
ABIDEI-KKI,RandomForest,False,KKI_0050817,9.97,14.836537293078857
ABIDEI-KKI,RandomForest,False,KKI_0050774,10.64,10.575610166592009
ABIDEI-KKI,RandomForest,False,KKI_0050775,11.0,11.608477629783518
ABIDEI-KKI,RandomForest,False,KKI_0050776,9.3,9.515899859291011
ABIDEI-KKI,RandomForest,False,KKI_0050777,8.39,9.584292949685878
ABIDEI-KKI,RandomForest,False,KKI_0050779,9.41,23.33034896089243
ABIDEI-KKI,RandomForest,False,KKI_0050780,9.82,10.143208192799085
ABIDEI-KKI,RandomForest,False,KKI_0050778,9.73,10.143206485198633
ABIDEI-KKI,RandomForest,False,KKI_0050822,12.43,10.530561351726027
ABIDEI-KKI,RandomForest,False,KKI_0050788,10.25,10.608083056364409
ABIDEI-KKI,RandomForest,False,KKI_0050784,8.07,10.552256877279277
ABIDEI-KKI,RandomForest,False,KKI_0050773,10.84,9.935937804053886
ABIDEI-KKI,RandomForest,False,KKI_0050781,9.3,9.63539413360562
ABIDEI-KKI,RandomForest,False,KKI_0050783,10.4,11.575572796196038
ABIDEI-KKI,XGBoost,False,KKI_0050808,11.09,12.772684097290039
ABIDEI-KKI,XGBoost,False,KKI_0050809,8.43,9.778034210205078
ABIDEI-KKI,XGBoost,False,KKI_0050810,11.85,10.53546142578125
ABIDEI-KKI,XGBoost,False,KKI_0050811,12.76,13.260490417480469
ABIDEI-KKI,XGBoost,False,KKI_0050813,10.79,10.050943374633789
ABIDEI-KKI,XGBoost,False,KKI_0050816,9.73,16.296142578125
ABIDEI-KKI,XGBoost,False,KKI_0050812,9.97,10.33627986907959
ABIDEI-KKI,XGBoost,False,KKI_0050820,8.87,9.992915153503418
ABIDEI-KKI,XGBoost,False,KKI_0050819,9.71,11.083332061767578
ABIDEI-KKI,XGBoost,False,KKI_0050821,11.17,9.778034210205078
ABIDEI-KKI,XGBoost,False,KKI_0050814,8.46,9.778034210205078
ABIDEI-KKI,XGBoost,False,KKI_0050789,9.31,19.31059455871582
ABIDEI-KKI,XGBoost,False,KKI_0050790,8.83,16.045595169067383
ABIDEI-KKI,XGBoost,False,KKI_0050787,10.82,19.255821228027344
ABIDEI-KKI,XGBoost,False,KKI_0050818,11.79,10.249354362487793
ABIDEI-KKI,XGBoost,False,KKI_0050786,8.75,11.85205078125
ABIDEI-KKI,XGBoost,False,KKI_0050782,10.18,10.162739753723145
ABIDEI-KKI,XGBoost,False,KKI_0050772,12.77,13.911495208740234
ABIDEI-KKI,XGBoost,False,KKI_0050817,9.97,13.463275909423828
ABIDEI-KKI,XGBoost,False,KKI_0050774,10.64,10.340851783752441
ABIDEI-KKI,XGBoost,False,KKI_0050775,11.0,10.782618522644043
ABIDEI-KKI,XGBoost,False,KKI_0050776,9.3,9.729639053344727
ABIDEI-KKI,XGBoost,False,KKI_0050777,8.39,9.669818878173828
ABIDEI-KKI,XGBoost,False,KKI_0050779,9.41,22.20247459411621
ABIDEI-KKI,XGBoost,False,KKI_0050780,9.82,9.942571640014648
ABIDEI-KKI,XGBoost,False,KKI_0050778,9.73,10.327277183532715
ABIDEI-KKI,XGBoost,False,KKI_0050822,12.43,10.710107803344727
ABIDEI-KKI,XGBoost,False,KKI_0050788,10.25,10.327277183532715
ABIDEI-KKI,XGBoost,False,KKI_0050784,8.07,10.100248336791992
ABIDEI-KKI,XGBoost,False,KKI_0050773,10.84,9.653122901916504
ABIDEI-KKI,XGBoost,False,KKI_0050781,9.3,9.884699821472168
ABIDEI-KKI,XGBoost,False,KKI_0050783,10.4,11.399360656738281
ABIDEI-LEUVEN,ElasticNet,False,Leuven_1_0050709,25.0,44.00636120975139
ABIDEI-LEUVEN,ElasticNet,False,Leuven_1_0050699,21.0,34.54709794044186
ABIDEI-LEUVEN,ElasticNet,False,Leuven_1_0050707,22.0,31.271380375906347
ABIDEI-LEUVEN,ElasticNet,False,Leuven_1_0050706,22.0,43.25768219448548
ABIDEI-LEUVEN,ElasticNet,False,Leuven_1_0050703,29.0,48.32582333241305
ABIDEI-LEUVEN,ElasticNet,False,Leuven_1_0050701,18.0,37.75632617123267
ABIDEI-LEUVEN,ElasticNet,False,Leuven_2_0050722,13.8,24.947837248398514
ABIDEI-LEUVEN,ElasticNet,False,Leuven_1_0050710,27.0,49.581719522666276
ABIDEI-LEUVEN,ElasticNet,False,Leuven_1_0050691,22.0,35.69108740582692
ABIDEI-LEUVEN,ElasticNet,False,Leuven_1_0050688,21.0,47.558968763190364
ABIDEI-LEUVEN,ElasticNet,False,Leuven_1_0050687,22.0,36.24781418676821
ABIDEI-LEUVEN,ElasticNet,False,Leuven_1_0050685,23.0,39.599687709469094
ABIDEI-LEUVEN,ElasticNet,False,Leuven_1_0050683,24.0,38.81653900961385
ABIDEI-LEUVEN,ElasticNet,False,Leuven_2_0050742,16.9,22.096015291359777
ABIDEI-LEUVEN,ElasticNet,False,Leuven_1_0050692,22.0,37.87097087093491
ABIDEI-LEUVEN,ElasticNet,False,Leuven_1_0050682,23.0,56.50314213726847
ABIDEI-LEUVEN,ElasticNet,False,Leuven_2_0050732,12.4,28.22689875622757
ABIDEI-LEUVEN,ElasticNet,False,Leuven_1_0050698,28.0,41.611977669923476
ABIDEI-LEUVEN,ElasticNet,False,Leuven_2_0050740,12.4,20.566266699285734
ABIDEI-LEUVEN,ElasticNet,False,Leuven_2_0050735,14.3,28.495890988277893
ABIDEI-LEUVEN,ElasticNet,False,Leuven_2_0050739,15.2,29.86678563682392
ABIDEI-LEUVEN,ElasticNet,False,Leuven_2_0050738,12.8,25.50795936826148
ABIDEI-LEUVEN,ElasticNet,False,Leuven_2_0050737,12.2,21.770133022638333
ABIDEI-LEUVEN,ElasticNet,False,Leuven_2_0050736,13.6,40.76420417475629
ABIDEI-LEUVEN,ElasticNet,False,Leuven_2_0050734,16.6,35.67264267922428
ABIDEI-LEUVEN,ElasticNet,False,Leuven_2_0050741,14.2,23.904748319069768
ABIDEI-LEUVEN,ElasticNet,False,Leuven_2_0050723,13.8,31.69285731154332
ABIDEI-LEUVEN,ElasticNet,False,Leuven_2_0050731,16.2,41.51974557305289
ABIDEI-LEUVEN,ElasticNet,False,Leuven_2_0050730,12.3,22.187669750700252
ABIDEI-LEUVEN,ElasticNet,False,Leuven_2_0050728,15.6,32.05939894187145
ABIDEI-LEUVEN,ElasticNet,False,Leuven_2_0050727,13.9,30.242232358397246
ABIDEI-LEUVEN,ElasticNet,False,Leuven_2_0050726,16.6,23.09274110043384
ABIDEI-LEUVEN,ElasticNet,False,Leuven_2_0050733,14.7,29.15881009112786
ABIDEI-LEUVEN,ElasticNet,False,Leuven_2_0050724,15.1,21.248315463503104
ABIDEI-LEUVEN,ElasticNet,False,Leuven_2_0050725,14.2,30.05224144809449
ABIDEI-LEUVEN,RandomForest,False,Leuven_1_0050709,25.0,45.18091019523809
ABIDEI-LEUVEN,RandomForest,False,Leuven_1_0050699,21.0,26.589336721428566
ABIDEI-LEUVEN,RandomForest,False,Leuven_1_0050707,22.0,25.11856886031746
ABIDEI-LEUVEN,RandomForest,False,Leuven_1_0050706,22.0,46.00390792857142
ABIDEI-LEUVEN,RandomForest,False,Leuven_1_0050703,29.0,58.00213876904763
ABIDEI-LEUVEN,RandomForest,False,Leuven_1_0050701,18.0,42.28352794523809
ABIDEI-LEUVEN,RandomForest,False,Leuven_2_0050722,13.8,21.35189435396825
ABIDEI-LEUVEN,RandomForest,False,Leuven_1_0050710,27.0,63.09681547619046
ABIDEI-LEUVEN,RandomForest,False,Leuven_1_0050691,22.0,28.33744343928572
ABIDEI-LEUVEN,RandomForest,False,Leuven_1_0050688,21.0,59.37330008333333
ABIDEI-LEUVEN,RandomForest,False,Leuven_1_0050687,22.0,31.713039571428578
ABIDEI-LEUVEN,RandomForest,False,Leuven_1_0050685,23.0,40.55196745238096
ABIDEI-LEUVEN,RandomForest,False,Leuven_1_0050683,24.0,25.519843884523812
ABIDEI-LEUVEN,RandomForest,False,Leuven_2_0050742,16.9,21.87820842063492
ABIDEI-LEUVEN,RandomForest,False,Leuven_1_0050692,22.0,38.551702876190504
ABIDEI-LEUVEN,RandomForest,False,Leuven_1_0050682,23.0,62.40460015952382
ABIDEI-LEUVEN,RandomForest,False,Leuven_2_0050732,12.4,22.016672916666668
ABIDEI-LEUVEN,RandomForest,False,Leuven_1_0050698,28.0,37.144112250000006
ABIDEI-LEUVEN,RandomForest,False,Leuven_2_0050740,12.4,16.360535830952383
ABIDEI-LEUVEN,RandomForest,False,Leuven_2_0050735,14.3,21.773815197619037
ABIDEI-LEUVEN,RandomForest,False,Leuven_2_0050739,15.2,24.907964614444435
ABIDEI-LEUVEN,RandomForest,False,Leuven_2_0050738,12.8,21.80877340142856
ABIDEI-LEUVEN,RandomForest,False,Leuven_2_0050737,12.2,22.537273015873016
ABIDEI-LEUVEN,RandomForest,False,Leuven_2_0050736,13.6,30.24191174285716
ABIDEI-LEUVEN,RandomForest,False,Leuven_2_0050734,16.6,29.957280725000004
ABIDEI-LEUVEN,RandomForest,False,Leuven_2_0050741,14.2,20.601756785714283
ABIDEI-LEUVEN,RandomForest,False,Leuven_2_0050723,13.8,25.16369082142856
ABIDEI-LEUVEN,RandomForest,False,Leuven_2_0050731,16.2,36.13781461428571
ABIDEI-LEUVEN,RandomForest,False,Leuven_2_0050730,12.3,20.151902539682546
ABIDEI-LEUVEN,RandomForest,False,Leuven_2_0050728,15.6,24.56677876190477
ABIDEI-LEUVEN,RandomForest,False,Leuven_2_0050727,13.9,23.833614404761903
ABIDEI-LEUVEN,RandomForest,False,Leuven_2_0050726,16.6,21.79310992063493
ABIDEI-LEUVEN,RandomForest,False,Leuven_2_0050733,14.7,24.428275719999988
ABIDEI-LEUVEN,RandomForest,False,Leuven_2_0050724,15.1,18.848740857142854
ABIDEI-LEUVEN,RandomForest,False,Leuven_2_0050725,14.2,28.981034023809528
ABIDEI-LEUVEN,XGBoost,False,Leuven_1_0050709,25.0,40.203155517578125
ABIDEI-LEUVEN,XGBoost,False,Leuven_1_0050699,21.0,22.524105072021484
ABIDEI-LEUVEN,XGBoost,False,Leuven_1_0050707,22.0,22.42573356628418
ABIDEI-LEUVEN,XGBoost,False,Leuven_1_0050706,22.0,43.478878021240234
ABIDEI-LEUVEN,XGBoost,False,Leuven_1_0050703,29.0,62.51737594604492
ABIDEI-LEUVEN,XGBoost,False,Leuven_1_0050701,18.0,37.25417709350586
ABIDEI-LEUVEN,XGBoost,False,Leuven_2_0050722,13.8,19.248605728149414
ABIDEI-LEUVEN,XGBoost,False,Leuven_1_0050710,27.0,66.67383575439453
ABIDEI-LEUVEN,XGBoost,False,Leuven_1_0050691,22.0,26.73310661315918
ABIDEI-LEUVEN,XGBoost,False,Leuven_1_0050688,21.0,59.225650787353516
ABIDEI-LEUVEN,XGBoost,False,Leuven_1_0050687,22.0,31.36319923400879
ABIDEI-LEUVEN,XGBoost,False,Leuven_1_0050685,23.0,40.187992095947266
ABIDEI-LEUVEN,XGBoost,False,Leuven_1_0050683,24.0,22.76128387451172
ABIDEI-LEUVEN,XGBoost,False,Leuven_2_0050742,16.9,20.01568031311035
ABIDEI-LEUVEN,XGBoost,False,Leuven_1_0050692,22.0,37.940364837646484
ABIDEI-LEUVEN,XGBoost,False,Leuven_1_0050682,23.0,67.22114562988281
ABIDEI-LEUVEN,XGBoost,False,Leuven_2_0050732,12.4,23.01050567626953
ABIDEI-LEUVEN,XGBoost,False,Leuven_1_0050698,28.0,36.10144805908203
ABIDEI-LEUVEN,XGBoost,False,Leuven_2_0050740,12.4,16.403470993041992
ABIDEI-LEUVEN,XGBoost,False,Leuven_2_0050735,14.3,19.268348693847656
ABIDEI-LEUVEN,XGBoost,False,Leuven_2_0050739,15.2,26.10187530517578
ABIDEI-LEUVEN,XGBoost,False,Leuven_2_0050738,12.8,19.2001953125
ABIDEI-LEUVEN,XGBoost,False,Leuven_2_0050737,12.2,20.838878631591797
ABIDEI-LEUVEN,XGBoost,False,Leuven_2_0050736,13.6,26.248252868652344
ABIDEI-LEUVEN,XGBoost,False,Leuven_2_0050734,16.6,24.9238338470459
ABIDEI-LEUVEN,XGBoost,False,Leuven_2_0050741,14.2,22.543209075927734
ABIDEI-LEUVEN,XGBoost,False,Leuven_2_0050723,13.8,26.183629989624023
ABIDEI-LEUVEN,XGBoost,False,Leuven_2_0050731,16.2,36.173316955566406
ABIDEI-LEUVEN,XGBoost,False,Leuven_2_0050730,12.3,18.355575561523438
ABIDEI-LEUVEN,XGBoost,False,Leuven_2_0050728,15.6,22.08572006225586
ABIDEI-LEUVEN,XGBoost,False,Leuven_2_0050727,13.9,23.93026351928711
ABIDEI-LEUVEN,XGBoost,False,Leuven_2_0050726,16.6,19.904232025146484
ABIDEI-LEUVEN,XGBoost,False,Leuven_2_0050733,14.7,23.300813674926758
ABIDEI-LEUVEN,XGBoost,False,Leuven_2_0050724,15.1,19.383846282958984
ABIDEI-LEUVEN,XGBoost,False,Leuven_2_0050725,14.2,26.198564529418945
ABIDEI-MAX_MUN,ElasticNet,False,MaxMun_d_0051361,16.0,15.65262469943491
ABIDEI-MAX_MUN,ElasticNet,False,MaxMun_c_0051336,26.0,38.417183957531506
ABIDEI-MAX_MUN,ElasticNet,False,MaxMun_c_0051341,29.0,36.04366776917709
ABIDEI-MAX_MUN,ElasticNet,False,MaxMun_c_0051342,23.0,31.162010674987187
ABIDEI-MAX_MUN,ElasticNet,False,MaxMun_c_0051343,30.0,30.26930700126536
ABIDEI-MAX_MUN,ElasticNet,False,MaxMun_d_0051356,10.0,2.9606695187897003
ABIDEI-MAX_MUN,ElasticNet,False,MaxMun_c_0051340,29.0,30.087081990322986
ABIDEI-MAX_MUN,ElasticNet,False,MaxMun_d_0051360,7.0,16.308446250844668
ABIDEI-MAX_MUN,ElasticNet,False,MaxMun_d_0051358,10.0,4.809501638521056
ABIDEI-MAX_MUN,ElasticNet,False,MaxMun_d_0051359,13.0,16.668021708804986
ABIDEI-MAX_MUN,ElasticNet,False,MaxMun_c_0051335,23.0,24.077475977809854
ABIDEI-MAX_MUN,ElasticNet,False,MaxMun_c_0051346,25.0,19.509990805248208
ABIDEI-MAX_MUN,ElasticNet,False,MaxMun_c_0051345,35.0,27.396750505877094
ABIDEI-MAX_MUN,ElasticNet,False,MaxMun_c_0051333,24.0,33.8580282792318
ABIDEI-MAX_MUN,ElasticNet,False,MaxMun_d_0051357,11.0,-0.700693920748904
ABIDEI-MAX_MUN,ElasticNet,False,MaxMun_a_0051364,26.0,19.002040220757863
ABIDEI-MAX_MUN,ElasticNet,False,MaxMun_c_0051338,30.0,25.825729871360977
ABIDEI-MAX_MUN,ElasticNet,False,MaxMun_a_0051372,46.0,32.80154630124889
ABIDEI-MAX_MUN,ElasticNet,False,MaxMun_a_0051370,32.0,29.138959305947765
ABIDEI-MAX_MUN,ElasticNet,False,MaxMun_a_0051366,32.0,23.38879966119157
ABIDEI-MAX_MUN,ElasticNet,False,MaxMun_a_0051365,23.0,34.26714522941381
ABIDEI-MAX_MUN,ElasticNet,False,MaxMun_c_0051347,24.0,21.2277552023495
ABIDEI-MAX_MUN,ElasticNet,False,MaxMun_c_0051339,29.0,30.336588510143997
ABIDEI-MAX_MUN,ElasticNet,False,MaxMun_c_0051334,27.0,35.59334267968245
ABIDEI-MAX_MUN,ElasticNet,False,MaxMun_a_0051373,46.0,29.499268661667656
ABIDEI-MAX_MUN,ElasticNet,False,MaxMun_a_0051363,32.0,36.24925906414899
ABIDEI-MAX_MUN,ElasticNet,False,MaxMun_a_0051371,48.0,32.320977184150024
ABIDEI-MAX_MUN,ElasticNet,False,MaxMun_a_0051369,32.0,30.71206584485776
ABIDEI-MAX_MUN,ElasticNet,False,MaxMun_c_0051332,23.0,17.085157451271584
ABIDEI-MAX_MUN,ElasticNet,False,MaxMun_a_0051362,33.0,43.509756500452795
ABIDEI-MAX_MUN,ElasticNet,False,MaxMun_c_0051344,22.0,20.544082970964155
ABIDEI-MAX_MUN,ElasticNet,False,MaxMun_a_0051367,21.0,29.639009560353657
ABIDEI-MAX_MUN,ElasticNet,False,MaxMun_a_0051368,28.0,40.070629911339324
ABIDEI-MAX_MUN,RandomForest,False,MaxMun_d_0051361,16.0,14.03686830373134
ABIDEI-MAX_MUN,RandomForest,False,MaxMun_c_0051336,26.0,28.57531559368192
ABIDEI-MAX_MUN,RandomForest,False,MaxMun_c_0051341,29.0,27.3174917350288
ABIDEI-MAX_MUN,RandomForest,False,MaxMun_c_0051342,23.0,22.25149937500725
ABIDEI-MAX_MUN,RandomForest,False,MaxMun_c_0051343,30.0,23.928715418750983
ABIDEI-MAX_MUN,RandomForest,False,MaxMun_d_0051356,10.0,9.387473244172304
ABIDEI-MAX_MUN,RandomForest,False,MaxMun_c_0051340,29.0,22.906167975375208
ABIDEI-MAX_MUN,RandomForest,False,MaxMun_d_0051360,7.0,13.239897859298255
ABIDEI-MAX_MUN,RandomForest,False,MaxMun_d_0051358,10.0,11.021103707255296
ABIDEI-MAX_MUN,RandomForest,False,MaxMun_d_0051359,13.0,14.514786044830435
ABIDEI-MAX_MUN,RandomForest,False,MaxMun_c_0051335,23.0,20.678401431942778
ABIDEI-MAX_MUN,RandomForest,False,MaxMun_c_0051346,25.0,16.904352055637176
ABIDEI-MAX_MUN,RandomForest,False,MaxMun_c_0051345,35.0,20.003630938173956
ABIDEI-MAX_MUN,RandomForest,False,MaxMun_c_0051333,24.0,30.023389624840682
ABIDEI-MAX_MUN,RandomForest,False,MaxMun_d_0051357,11.0,9.283022600882104
ABIDEI-MAX_MUN,RandomForest,False,MaxMun_a_0051364,26.0,15.529293670746808
ABIDEI-MAX_MUN,RandomForest,False,MaxMun_c_0051338,30.0,21.02742425653809
ABIDEI-MAX_MUN,RandomForest,False,MaxMun_a_0051372,46.0,21.62281261196306
ABIDEI-MAX_MUN,RandomForest,False,MaxMun_a_0051370,32.0,21.5533668637652
ABIDEI-MAX_MUN,RandomForest,False,MaxMun_a_0051366,32.0,15.596132041772677
ABIDEI-MAX_MUN,RandomForest,False,MaxMun_a_0051365,23.0,25.260522457388593
ABIDEI-MAX_MUN,RandomForest,False,MaxMun_c_0051347,24.0,17.09536315516287
ABIDEI-MAX_MUN,RandomForest,False,MaxMun_c_0051339,29.0,21.30949279357606
ABIDEI-MAX_MUN,RandomForest,False,MaxMun_c_0051334,27.0,37.344992487442916
ABIDEI-MAX_MUN,RandomForest,False,MaxMun_a_0051373,46.0,23.980362155567786
ABIDEI-MAX_MUN,RandomForest,False,MaxMun_a_0051363,32.0,24.86376973903841
ABIDEI-MAX_MUN,RandomForest,False,MaxMun_a_0051371,48.0,26.12523738378336
ABIDEI-MAX_MUN,RandomForest,False,MaxMun_a_0051369,32.0,21.253127491744348
ABIDEI-MAX_MUN,RandomForest,False,MaxMun_c_0051332,23.0,16.016940750497096
ABIDEI-MAX_MUN,RandomForest,False,MaxMun_a_0051362,33.0,51.67786324773403
ABIDEI-MAX_MUN,RandomForest,False,MaxMun_c_0051344,22.0,17.508679943957794
ABIDEI-MAX_MUN,RandomForest,False,MaxMun_a_0051367,21.0,21.48011520636227
ABIDEI-MAX_MUN,RandomForest,False,MaxMun_a_0051368,28.0,27.013631937036475
ABIDEI-MAX_MUN,XGBoost,False,MaxMun_d_0051361,16.0,14.141387939453125
ABIDEI-MAX_MUN,XGBoost,False,MaxMun_c_0051336,26.0,26.608108520507812
ABIDEI-MAX_MUN,XGBoost,False,MaxMun_c_0051341,29.0,27.715755462646484
ABIDEI-MAX_MUN,XGBoost,False,MaxMun_c_0051342,23.0,21.30607032775879
ABIDEI-MAX_MUN,XGBoost,False,MaxMun_c_0051343,30.0,23.202177047729492
ABIDEI-MAX_MUN,XGBoost,False,MaxMun_d_0051356,10.0,9.924352645874023
ABIDEI-MAX_MUN,XGBoost,False,MaxMun_c_0051340,29.0,24.27902603149414
ABIDEI-MAX_MUN,XGBoost,False,MaxMun_d_0051360,7.0,13.36718463897705
ABIDEI-MAX_MUN,XGBoost,False,MaxMun_d_0051358,10.0,10.67700481414795
ABIDEI-MAX_MUN,XGBoost,False,MaxMun_d_0051359,13.0,14.983593940734863
ABIDEI-MAX_MUN,XGBoost,False,MaxMun_c_0051335,23.0,20.9687557220459
ABIDEI-MAX_MUN,XGBoost,False,MaxMun_c_0051346,25.0,15.78279972076416
ABIDEI-MAX_MUN,XGBoost,False,MaxMun_c_0051345,35.0,19.04136848449707
ABIDEI-MAX_MUN,XGBoost,False,MaxMun_c_0051333,24.0,31.087566375732422
ABIDEI-MAX_MUN,XGBoost,False,MaxMun_d_0051357,11.0,10.013589859008789
ABIDEI-MAX_MUN,XGBoost,False,MaxMun_a_0051364,26.0,15.986371994018555
ABIDEI-MAX_MUN,XGBoost,False,MaxMun_c_0051338,30.0,20.352365493774414
ABIDEI-MAX_MUN,XGBoost,False,MaxMun_a_0051372,46.0,19.92508316040039
ABIDEI-MAX_MUN,XGBoost,False,MaxMun_a_0051370,32.0,21.45763397216797
ABIDEI-MAX_MUN,XGBoost,False,MaxMun_a_0051366,32.0,15.268589973449707
ABIDEI-MAX_MUN,XGBoost,False,MaxMun_a_0051365,23.0,20.902341842651367
ABIDEI-MAX_MUN,XGBoost,False,MaxMun_c_0051347,24.0,17.921344757080078
ABIDEI-MAX_MUN,XGBoost,False,MaxMun_c_0051339,29.0,20.99208641052246
ABIDEI-MAX_MUN,XGBoost,False,MaxMun_c_0051334,27.0,36.79480743408203
ABIDEI-MAX_MUN,XGBoost,False,MaxMun_a_0051373,46.0,24.76406478881836
ABIDEI-MAX_MUN,XGBoost,False,MaxMun_a_0051363,32.0,24.144237518310547
ABIDEI-MAX_MUN,XGBoost,False,MaxMun_a_0051371,48.0,25.90614891052246
ABIDEI-MAX_MUN,XGBoost,False,MaxMun_a_0051369,32.0,20.543476104736328
ABIDEI-MAX_MUN,XGBoost,False,MaxMun_c_0051332,23.0,16.931278228759766
ABIDEI-MAX_MUN,XGBoost,False,MaxMun_a_0051362,33.0,49.80634689331055
ABIDEI-MAX_MUN,XGBoost,False,MaxMun_c_0051344,22.0,17.407682418823242
ABIDEI-MAX_MUN,XGBoost,False,MaxMun_a_0051367,21.0,19.950428009033203
ABIDEI-MAX_MUN,XGBoost,False,MaxMun_a_0051368,28.0,27.897911071777344
ABIDEI-NYU,ElasticNet,False,NYU_0051131,19.73,28.184164684368284
ABIDEI-NYU,ElasticNet,False,NYU_0051130,19.13,23.061216601912406
ABIDEI-NYU,ElasticNet,False,NYU_0051087,10.52,3.620856413834872
ABIDEI-NYU,ElasticNet,False,NYU_0051129,17.7,22.823674529937648
ABIDEI-NYU,ElasticNet,False,NYU_0051120,10.19,6.082697237085654
ABIDEI-NYU,ElasticNet,False,NYU_0051122,11.92,12.934136387391163
ABIDEI-NYU,ElasticNet,False,NYU_0051118,29.02,48.42050273732218
ABIDEI-NYU,ElasticNet,False,NYU_0051052,14.18,28.378091888517815
ABIDEI-NYU,ElasticNet,False,NYU_0051149,20.56,23.715077714274685
ABIDEI-NYU,ElasticNet,False,NYU_0051123,12.07,3.1361336338013643
ABIDEI-NYU,ElasticNet,False,NYU_0051152,23.35,30.265505609147453
ABIDEI-NYU,ElasticNet,False,NYU_0051050,13.25,19.891250574883202
ABIDEI-NYU,ElasticNet,False,NYU_0051154,30.08,41.749796629758976
ABIDEI-NYU,ElasticNet,False,NYU_0051155,30.78,27.55074221706343
ABIDEI-NYU,ElasticNet,False,NYU_0051156,21.15,30.921993139953315
ABIDEI-NYU,ElasticNet,False,NYU_0051036,8.04,-4.076094627226098
ABIDEI-NYU,ElasticNet,False,NYU_0051046,11.56,18.74588020036947
ABIDEI-NYU,ElasticNet,False,NYU_0051047,12.1,3.819174249701973
ABIDEI-NYU,ElasticNet,False,NYU_0051045,11.56,7.322684287602328
ABIDEI-NYU,ElasticNet,False,NYU_0051057,21.58,32.99269550333349
ABIDEI-NYU,ElasticNet,False,NYU_0051060,22.74,32.74189270206762
ABIDEI-NYU,ElasticNet,False,NYU_0051062,27.76,39.34689370427236
ABIDEI-NYU,ElasticNet,False,NYU_0051063,29.13,23.603968734119803
ABIDEI-NYU,ElasticNet,False,NYU_0051153,26.17,36.22881842904019
ABIDEI-NYU,ElasticNet,False,NYU_0051066,18.59,20.708315227802245
ABIDEI-NYU,ElasticNet,False,NYU_0051053,14.38,17.567984276521656
ABIDEI-NYU,ElasticNet,False,NYU_0051070,7.29,-10.518660019183244
ABIDEI-NYU,ElasticNet,False,NYU_0051085,9.81,3.196259582462062
ABIDEI-NYU,ElasticNet,False,NYU_0051056,17.31,18.673229074159735
ABIDEI-NYU,ElasticNet,False,NYU_0051055,15.95,24.481613116140466
ABIDEI-NYU,ElasticNet,False,NYU_0051054,14.42,12.99556758872211
ABIDEI-NYU,ElasticNet,False,NYU_0051072,11.91,41.242685899490766
ABIDEI-NYU,ElasticNet,False,NYU_0051109,16.13,26.791436861593866
ABIDEI-NYU,ElasticNet,False,NYU_0051059,22.76,34.43993916367231
ABIDEI-NYU,ElasticNet,False,NYU_0051117,28.2,31.71917699465439
ABIDEI-NYU,ElasticNet,False,NYU_0051071,10.69,21.54740148011672
ABIDEI-NYU,ElasticNet,False,NYU_0051058,22.11,28.4450595636265
ABIDEI-NYU,ElasticNet,False,NYU_0051081,8.82,5.909705606624584
ABIDEI-NYU,ElasticNet,False,NYU_0051061,27.03,42.52049848720549
ABIDEI-NYU,ElasticNet,False,NYU_0051064,7.26,-2.027316132724877
ABIDEI-NYU,ElasticNet,False,NYU_0051065,10.52,4.132433988284447
ABIDEI-NYU,ElasticNet,False,NYU_0051067,23.65,27.90494103993626
ABIDEI-NYU,ElasticNet,False,NYU_0051069,8.15,0.5209448021422531
ABIDEI-NYU,ElasticNet,False,NYU_0051074,12.81,-1.1356877734289128
ABIDEI-NYU,ElasticNet,False,NYU_0051075,14.2,15.236195183671839
ABIDEI-NYU,ElasticNet,False,NYU_0051076,16.93,26.456683282008385
ABIDEI-NYU,ElasticNet,False,NYU_0051079,7.19,-7.1964654860711335
ABIDEI-NYU,ElasticNet,False,NYU_0051080,8.01,-7.5575495839749465
ABIDEI-NYU,ElasticNet,False,NYU_0051068,31.78,26.881298719717734
ABIDEI-NYU,ElasticNet,False,NYU_0051084,9.23,-2.1542831982227426
ABIDEI-NYU,ElasticNet,False,NYU_0051048,12.44,15.195010803768241
ABIDEI-NYU,ElasticNet,False,NYU_0051110,16.28,12.770977011495688
ABIDEI-NYU,ElasticNet,False,NYU_0051115,22.76,22.9922587319561
ABIDEI-NYU,ElasticNet,False,NYU_0051039,8.5,2.651501670667699
ABIDEI-NYU,ElasticNet,False,NYU_0051041,8.9,11.88396959491456
ABIDEI-NYU,ElasticNet,False,NYU_0051099,13.72,10.277352310960623
ABIDEI-NYU,ElasticNet,False,NYU_0051102,14.65,6.694622966461111
ABIDEI-NYU,ElasticNet,False,NYU_0051103,14.66,-0.04233449298101277
ABIDEI-NYU,ElasticNet,False,NYU_0051106,15.42,15.327207202917748
ABIDEI-NYU,ElasticNet,False,NYU_0051111,16.55,27.343413754257995
ABIDEI-NYU,ElasticNet,False,NYU_0051073,12.49,5.145618714693001
ABIDEI-NYU,ElasticNet,False,NYU_0051077,17.3,21.500362800936614
ABIDEI-NYU,ElasticNet,False,NYU_0051078,6.47,2.1673859115115874
ABIDEI-NYU,ElasticNet,False,NYU_0051124,12.67,8.615188794251708
ABIDEI-NYU,ElasticNet,False,NYU_0051107,15.53,28.057742309720766
ABIDEI-NYU,ElasticNet,False,NYU_0051126,16.31,25.77199808711157
ABIDEI-NYU,ElasticNet,False,NYU_0051148,20.3,33.85787542977971
ABIDEI-NYU,ElasticNet,False,NYU_0051127,16.55,21.71385243364159
ABIDEI-NYU,ElasticNet,False,NYU_0051044,10.86,2.7753249954429293
ABIDEI-NYU,ElasticNet,False,NYU_0051088,10.73,1.6492460754684544
ABIDEI-NYU,ElasticNet,False,NYU_0051151,23.08,37.75250671324636
ABIDEI-NYU,ElasticNet,False,NYU_0051159,12.81,8.378937426930747
ABIDEI-NYU,ElasticNet,False,NYU_0051119,30.72,32.65241977376763
ABIDEI-NYU,ElasticNet,False,NYU_0051051,14.06,16.162590585520206
ABIDEI-NYU,ElasticNet,False,NYU_0051146,20.02,30.670606038449137
ABIDEI-NYU,ElasticNet,False,NYU_0051128,16.88,18.62200345838619
ABIDEI-NYU,ElasticNet,False,NYU_0051125,14.79,14.638267726811705
ABIDEI-NYU,ElasticNet,False,NYU_0051040,8.52,7.633819567555406
ABIDEI-NYU,ElasticNet,False,NYU_0051121,10.74,9.180760156307542
ABIDEI-NYU,ElasticNet,False,NYU_0051038,8.26,-0.057626306519182435
ABIDEI-NYU,ElasticNet,False,NYU_0051150,22.77,33.47433087993113
ABIDEI-NYU,ElasticNet,False,NYU_0051096,13.18,11.457511592036212
ABIDEI-NYU,ElasticNet,False,NYU_0051147,20.04,22.17381790236766
ABIDEI-NYU,ElasticNet,False,NYU_0051113,22.38,35.01276392063323
ABIDEI-NYU,ElasticNet,False,NYU_0051082,8.88,3.5778972043493695
ABIDEI-NYU,ElasticNet,False,NYU_0051083,8.93,-2.217745148517338
ABIDEI-NYU,ElasticNet,False,NYU_0051086,10.46,11.057032409132034
ABIDEI-NYU,ElasticNet,False,NYU_0051090,11.03,-1.12642464170915
ABIDEI-NYU,ElasticNet,False,NYU_0051091,11.32,-3.9513134424852296
ABIDEI-NYU,ElasticNet,False,NYU_0051093,11.69,1.0753342923151195
ABIDEI-NYU,ElasticNet,False,NYU_0051114,22.48,23.33670531884377
ABIDEI-NYU,ElasticNet,False,NYU_0051094,12.1,-3.3987090201518413
ABIDEI-NYU,ElasticNet,False,NYU_0051116,25.34,26.817987233588724
ABIDEI-NYU,ElasticNet,False,NYU_0051049,13.22,16.68926615211501
ABIDEI-NYU,ElasticNet,False,NYU_0051089,10.76,-3.3650580695965573
ABIDEI-NYU,ElasticNet,False,NYU_0051100,14.36,14.07784857873537
ABIDEI-NYU,ElasticNet,False,NYU_0051095,12.23,3.2157612417764767
ABIDEI-NYU,ElasticNet,False,NYU_0051104,15.27,11.435147078841851
ABIDEI-NYU,ElasticNet,False,NYU_0051105,15.28,21.152779474601175
ABIDEI-NYU,ElasticNet,False,NYU_0051101,14.43,13.391127682651927
ABIDEI-NYU,ElasticNet,False,NYU_0051112,19.23,32.82676145517905
ABIDEI-NYU,ElasticNet,False,NYU_0051098,13.63,14.937279369382622
ABIDEI-NYU,ElasticNet,False,NYU_0051097,13.58,4.70211268374112
ABIDEI-NYU,ElasticNet,False,NYU_0051108,15.71,10.088385783037324
ABIDEI-NYU,RandomForest,False,NYU_0051131,19.73,21.27050379091833
ABIDEI-NYU,RandomForest,False,NYU_0051130,19.13,17.235667736261455
ABIDEI-NYU,RandomForest,False,NYU_0051087,10.52,9.687632909907357
ABIDEI-NYU,RandomForest,False,NYU_0051129,17.7,15.092472008509974
ABIDEI-NYU,RandomForest,False,NYU_0051120,10.19,9.747458484132755
ABIDEI-NYU,RandomForest,False,NYU_0051122,11.92,14.810434196244001
ABIDEI-NYU,RandomForest,False,NYU_0051118,29.02,59.88149477240411
ABIDEI-NYU,RandomForest,False,NYU_0051052,14.18,18.07846690350355
ABIDEI-NYU,RandomForest,False,NYU_0051149,20.56,16.676337426010264
ABIDEI-NYU,RandomForest,False,NYU_0051123,12.07,10.579566319239342
ABIDEI-NYU,RandomForest,False,NYU_0051152,23.35,26.025124915275175
ABIDEI-NYU,RandomForest,False,NYU_0051050,13.25,15.825950406694183
ABIDEI-NYU,RandomForest,False,NYU_0051154,30.08,50.44546708780471
ABIDEI-NYU,RandomForest,False,NYU_0051155,30.78,22.018112575653024
ABIDEI-NYU,RandomForest,False,NYU_0051156,21.15,23.51105879289728
ABIDEI-NYU,RandomForest,False,NYU_0051036,8.04,9.916947945293627
ABIDEI-NYU,RandomForest,False,NYU_0051046,11.56,13.424847585624196
ABIDEI-NYU,RandomForest,False,NYU_0051047,12.1,10.133397722931518
ABIDEI-NYU,RandomForest,False,NYU_0051045,11.56,12.863025449965216
ABIDEI-NYU,RandomForest,False,NYU_0051057,21.58,19.711844862250608
ABIDEI-NYU,RandomForest,False,NYU_0051060,22.74,26.513903841195596
ABIDEI-NYU,RandomForest,False,NYU_0051062,27.76,39.12868620272702
ABIDEI-NYU,RandomForest,False,NYU_0051063,29.13,15.954153043399735
ABIDEI-NYU,RandomForest,False,NYU_0051153,26.17,28.271135084867353
ABIDEI-NYU,RandomForest,False,NYU_0051066,18.59,17.63192681857957
ABIDEI-NYU,RandomForest,False,NYU_0051053,14.38,14.053808178355563
ABIDEI-NYU,RandomForest,False,NYU_0051070,7.29,9.932558605820786
ABIDEI-NYU,RandomForest,False,NYU_0051085,9.81,11.650011096223574
ABIDEI-NYU,RandomForest,False,NYU_0051056,17.31,15.288428642598143
ABIDEI-NYU,RandomForest,False,NYU_0051055,15.95,19.61262376762217
ABIDEI-NYU,RandomForest,False,NYU_0051054,14.42,11.952854815992179
ABIDEI-NYU,RandomForest,False,NYU_0051072,11.91,56.39690602996378
ABIDEI-NYU,RandomForest,False,NYU_0051109,16.13,17.12705327013395
ABIDEI-NYU,RandomForest,False,NYU_0051059,22.76,28.683572016546524
ABIDEI-NYU,RandomForest,False,NYU_0051117,28.2,25.260587433106778
ABIDEI-NYU,RandomForest,False,NYU_0051071,10.69,19.751949212194404
ABIDEI-NYU,RandomForest,False,NYU_0051058,22.11,16.073592907799988
ABIDEI-NYU,RandomForest,False,NYU_0051081,8.82,10.168300051779532
ABIDEI-NYU,RandomForest,False,NYU_0051061,27.03,45.78288682606244
ABIDEI-NYU,RandomForest,False,NYU_0051064,7.26,11.383709564356177
ABIDEI-NYU,RandomForest,False,NYU_0051065,10.52,12.252194020442909
ABIDEI-NYU,RandomForest,False,NYU_0051067,23.65,25.77633758785703
ABIDEI-NYU,RandomForest,False,NYU_0051069,8.15,10.530313674632103
ABIDEI-NYU,RandomForest,False,NYU_0051074,12.81,10.827440521473521
ABIDEI-NYU,RandomForest,False,NYU_0051075,14.2,13.116534599868652
ABIDEI-NYU,RandomForest,False,NYU_0051076,16.93,21.55926908399615
ABIDEI-NYU,RandomForest,False,NYU_0051079,7.19,9.804730630721432
ABIDEI-NYU,RandomForest,False,NYU_0051080,8.01,9.6354375377356
ABIDEI-NYU,RandomForest,False,NYU_0051068,31.78,21.257645242984086
ABIDEI-NYU,RandomForest,False,NYU_0051084,9.23,10.240419301478413
ABIDEI-NYU,RandomForest,False,NYU_0051048,12.44,13.052751367746861
ABIDEI-NYU,RandomForest,False,NYU_0051110,16.28,15.540650924197035
ABIDEI-NYU,RandomForest,False,NYU_0051115,22.76,20.01367005084701
ABIDEI-NYU,RandomForest,False,NYU_0051039,8.5,9.604259222416282
ABIDEI-NYU,RandomForest,False,NYU_0051041,8.9,14.33310858322098
ABIDEI-NYU,RandomForest,False,NYU_0051099,13.72,14.974291625002694
ABIDEI-NYU,RandomForest,False,NYU_0051102,14.65,10.954456295484185
ABIDEI-NYU,RandomForest,False,NYU_0051103,14.66,10.172201659912387
ABIDEI-NYU,RandomForest,False,NYU_0051106,15.42,16.619310173481203
ABIDEI-NYU,RandomForest,False,NYU_0051111,16.55,18.865322705309644
ABIDEI-NYU,RandomForest,False,NYU_0051073,12.49,13.468561308910322
ABIDEI-NYU,RandomForest,False,NYU_0051077,17.3,15.690111628038386
ABIDEI-NYU,RandomForest,False,NYU_0051078,6.47,10.679125949030837
ABIDEI-NYU,RandomForest,False,NYU_0051124,12.67,12.771468798228039
ABIDEI-NYU,RandomForest,False,NYU_0051107,15.53,20.691618989897684
ABIDEI-NYU,RandomForest,False,NYU_0051126,16.31,22.939648444303586
ABIDEI-NYU,RandomForest,False,NYU_0051148,20.3,30.476806532913045
ABIDEI-NYU,RandomForest,False,NYU_0051127,16.55,21.75192468635363
ABIDEI-NYU,RandomForest,False,NYU_0051044,10.86,11.254106198721383
ABIDEI-NYU,RandomForest,False,NYU_0051088,10.73,9.930724828719745
ABIDEI-NYU,RandomForest,False,NYU_0051151,23.08,35.04299145519213
ABIDEI-NYU,RandomForest,False,NYU_0051159,12.81,12.455031836197444
ABIDEI-NYU,RandomForest,False,NYU_0051119,30.72,27.63932187751323
ABIDEI-NYU,RandomForest,False,NYU_0051051,14.06,15.823889711396859
ABIDEI-NYU,RandomForest,False,NYU_0051146,20.02,24.06485636003984
ABIDEI-NYU,RandomForest,False,NYU_0051128,16.88,16.623030162852555
ABIDEI-NYU,RandomForest,False,NYU_0051125,14.79,14.632700781848149
ABIDEI-NYU,RandomForest,False,NYU_0051040,8.52,10.374055176364193
ABIDEI-NYU,RandomForest,False,NYU_0051121,10.74,13.59332443680686
ABIDEI-NYU,RandomForest,False,NYU_0051038,8.26,10.371720172735872
ABIDEI-NYU,RandomForest,False,NYU_0051150,22.77,25.693723052949093
ABIDEI-NYU,RandomForest,False,NYU_0051096,13.18,14.152321722915225
ABIDEI-NYU,RandomForest,False,NYU_0051147,20.04,18.709916118542072
ABIDEI-NYU,RandomForest,False,NYU_0051113,22.38,31.487651210391746
ABIDEI-NYU,RandomForest,False,NYU_0051082,8.88,11.081642869508196
ABIDEI-NYU,RandomForest,False,NYU_0051083,8.93,10.22382492244277
ABIDEI-NYU,RandomForest,False,NYU_0051086,10.46,11.753775906139026
ABIDEI-NYU,RandomForest,False,NYU_0051090,11.03,9.637101056134902
ABIDEI-NYU,RandomForest,False,NYU_0051091,11.32,9.551183486500001
ABIDEI-NYU,RandomForest,False,NYU_0051093,11.69,9.724936846222873
ABIDEI-NYU,RandomForest,False,NYU_0051114,22.48,17.816080681172462
ABIDEI-NYU,RandomForest,False,NYU_0051094,12.1,10.576489550851623
ABIDEI-NYU,RandomForest,False,NYU_0051116,25.34,19.939374202946183
ABIDEI-NYU,RandomForest,False,NYU_0051049,13.22,12.880106120693254
ABIDEI-NYU,RandomForest,False,NYU_0051089,10.76,9.216425033253778
ABIDEI-NYU,RandomForest,False,NYU_0051100,14.36,17.404558787575915
ABIDEI-NYU,RandomForest,False,NYU_0051095,12.23,10.771861055290621
ABIDEI-NYU,RandomForest,False,NYU_0051104,15.27,14.10662736442339
ABIDEI-NYU,RandomForest,False,NYU_0051105,15.28,20.496819978761494
ABIDEI-NYU,RandomForest,False,NYU_0051101,14.43,15.540353707927782
ABIDEI-NYU,RandomForest,False,NYU_0051112,19.23,25.37187520906076
ABIDEI-NYU,RandomForest,False,NYU_0051098,13.63,13.391626289990066
ABIDEI-NYU,RandomForest,False,NYU_0051097,13.58,12.524637024519775
ABIDEI-NYU,RandomForest,False,NYU_0051108,15.71,15.304186849962171
ABIDEI-NYU,XGBoost,False,NYU_0051131,19.73,22.89002227783203
ABIDEI-NYU,XGBoost,False,NYU_0051130,19.13,18.162485122680664
ABIDEI-NYU,XGBoost,False,NYU_0051087,10.52,9.767402648925781
ABIDEI-NYU,XGBoost,False,NYU_0051129,17.7,15.783855438232422
ABIDEI-NYU,XGBoost,False,NYU_0051120,10.19,10.243351936340332
ABIDEI-NYU,XGBoost,False,NYU_0051122,11.92,14.288586616516113
ABIDEI-NYU,XGBoost,False,NYU_0051118,29.02,58.114418029785156
ABIDEI-NYU,XGBoost,False,NYU_0051052,14.18,19.534526824951172
ABIDEI-NYU,XGBoost,False,NYU_0051149,20.56,17.793466567993164
ABIDEI-NYU,XGBoost,False,NYU_0051123,12.07,9.992563247680664
ABIDEI-NYU,XGBoost,False,NYU_0051152,23.35,26.30577850341797
ABIDEI-NYU,XGBoost,False,NYU_0051050,13.25,15.972898483276367
ABIDEI-NYU,XGBoost,False,NYU_0051154,30.08,55.78483200073242
ABIDEI-NYU,XGBoost,False,NYU_0051155,30.78,23.858137130737305
ABIDEI-NYU,XGBoost,False,NYU_0051156,21.15,24.27985954284668
ABIDEI-NYU,XGBoost,False,NYU_0051036,8.04,10.363678932189941
ABIDEI-NYU,XGBoost,False,NYU_0051046,11.56,12.690267562866211
ABIDEI-NYU,XGBoost,False,NYU_0051047,12.1,10.044880867004395
ABIDEI-NYU,XGBoost,False,NYU_0051045,11.56,11.829410552978516
ABIDEI-NYU,XGBoost,False,NYU_0051057,21.58,18.396047592163086
ABIDEI-NYU,XGBoost,False,NYU_0051060,22.74,26.429126739501953
ABIDEI-NYU,XGBoost,False,NYU_0051062,27.76,33.53691864013672
ABIDEI-NYU,XGBoost,False,NYU_0051063,29.13,14.702719688415527
ABIDEI-NYU,XGBoost,False,NYU_0051153,26.17,29.510345458984375
ABIDEI-NYU,XGBoost,False,NYU_0051066,18.59,16.89385223388672
ABIDEI-NYU,XGBoost,False,NYU_0051053,14.38,13.531196594238281
ABIDEI-NYU,XGBoost,False,NYU_0051070,7.29,10.347373008728027
ABIDEI-NYU,XGBoost,False,NYU_0051085,9.81,11.315048217773438
ABIDEI-NYU,XGBoost,False,NYU_0051056,17.31,16.2542724609375
ABIDEI-NYU,XGBoost,False,NYU_0051055,15.95,18.843645095825195
ABIDEI-NYU,XGBoost,False,NYU_0051054,14.42,11.456914901733398
ABIDEI-NYU,XGBoost,False,NYU_0051072,11.91,52.66233825683594
ABIDEI-NYU,XGBoost,False,NYU_0051109,16.13,16.50368881225586
ABIDEI-NYU,XGBoost,False,NYU_0051059,22.76,27.3059024810791
ABIDEI-NYU,XGBoost,False,NYU_0051117,28.2,24.291894912719727
ABIDEI-NYU,XGBoost,False,NYU_0051071,10.69,18.984272003173828
ABIDEI-NYU,XGBoost,False,NYU_0051058,22.11,15.956831932067871
ABIDEI-NYU,XGBoost,False,NYU_0051081,8.82,10.054789543151855
ABIDEI-NYU,XGBoost,False,NYU_0051061,27.03,46.23583221435547
ABIDEI-NYU,XGBoost,False,NYU_0051064,7.26,11.402032852172852
ABIDEI-NYU,XGBoost,False,NYU_0051065,10.52,12.048630714416504
ABIDEI-NYU,XGBoost,False,NYU_0051067,23.65,24.715179443359375
ABIDEI-NYU,XGBoost,False,NYU_0051069,8.15,11.107511520385742
ABIDEI-NYU,XGBoost,False,NYU_0051074,12.81,10.875210762023926
ABIDEI-NYU,XGBoost,False,NYU_0051075,14.2,13.11797046661377
ABIDEI-NYU,XGBoost,False,NYU_0051076,16.93,20.475475311279297
ABIDEI-NYU,XGBoost,False,NYU_0051079,7.19,9.668447494506836
ABIDEI-NYU,XGBoost,False,NYU_0051080,8.01,9.44865894317627
ABIDEI-NYU,XGBoost,False,NYU_0051068,31.78,21.442773818969727
ABIDEI-NYU,XGBoost,False,NYU_0051084,9.23,9.672747611999512
ABIDEI-NYU,XGBoost,False,NYU_0051048,12.44,12.318963050842285
ABIDEI-NYU,XGBoost,False,NYU_0051110,16.28,15.386635780334473
ABIDEI-NYU,XGBoost,False,NYU_0051115,22.76,19.722423553466797
ABIDEI-NYU,XGBoost,False,NYU_0051039,8.5,9.778497695922852
ABIDEI-NYU,XGBoost,False,NYU_0051041,8.9,13.445658683776855
ABIDEI-NYU,XGBoost,False,NYU_0051099,13.72,14.14869213104248
ABIDEI-NYU,XGBoost,False,NYU_0051102,14.65,10.64076042175293
ABIDEI-NYU,XGBoost,False,NYU_0051103,14.66,10.326577186584473
ABIDEI-NYU,XGBoost,False,NYU_0051106,15.42,16.108457565307617
ABIDEI-NYU,XGBoost,False,NYU_0051111,16.55,18.269975662231445
ABIDEI-NYU,XGBoost,False,NYU_0051073,12.49,12.18237018585205
ABIDEI-NYU,XGBoost,False,NYU_0051077,17.3,14.88611888885498
ABIDEI-NYU,XGBoost,False,NYU_0051078,6.47,10.426953315734863
ABIDEI-NYU,XGBoost,False,NYU_0051124,12.67,12.91092586517334
ABIDEI-NYU,XGBoost,False,NYU_0051107,15.53,23.006746292114258
ABIDEI-NYU,XGBoost,False,NYU_0051126,16.31,22.61695671081543
ABIDEI-NYU,XGBoost,False,NYU_0051148,20.3,29.489482879638672
ABIDEI-NYU,XGBoost,False,NYU_0051127,16.55,22.611574172973633
ABIDEI-NYU,XGBoost,False,NYU_0051044,10.86,10.998757362365723
ABIDEI-NYU,XGBoost,False,NYU_0051088,10.73,9.030912399291992
ABIDEI-NYU,XGBoost,False,NYU_0051151,23.08,37.435768127441406
ABIDEI-NYU,XGBoost,False,NYU_0051159,12.81,12.364995002746582
ABIDEI-NYU,XGBoost,False,NYU_0051119,30.72,34.78537368774414
ABIDEI-NYU,XGBoost,False,NYU_0051051,14.06,14.940373420715332
ABIDEI-NYU,XGBoost,False,NYU_0051146,20.02,25.7179012298584
ABIDEI-NYU,XGBoost,False,NYU_0051128,16.88,16.16145133972168
ABIDEI-NYU,XGBoost,False,NYU_0051125,14.79,14.917657852172852
ABIDEI-NYU,XGBoost,False,NYU_0051040,8.52,10.031964302062988
ABIDEI-NYU,XGBoost,False,NYU_0051121,10.74,14.22936725616455
ABIDEI-NYU,XGBoost,False,NYU_0051038,8.26,11.625791549682617
ABIDEI-NYU,XGBoost,False,NYU_0051150,22.77,26.403905868530273
ABIDEI-NYU,XGBoost,False,NYU_0051096,13.18,15.130114555358887
ABIDEI-NYU,XGBoost,False,NYU_0051147,20.04,17.720691680908203
ABIDEI-NYU,XGBoost,False,NYU_0051113,22.38,33.23528289794922
ABIDEI-NYU,XGBoost,False,NYU_0051082,8.88,11.207443237304688
ABIDEI-NYU,XGBoost,False,NYU_0051083,8.93,10.024020195007324
ABIDEI-NYU,XGBoost,False,NYU_0051086,10.46,11.713830947875977
ABIDEI-NYU,XGBoost,False,NYU_0051090,11.03,9.52414608001709
ABIDEI-NYU,XGBoost,False,NYU_0051091,11.32,10.159419059753418
ABIDEI-NYU,XGBoost,False,NYU_0051093,11.69,10.003357887268066
ABIDEI-NYU,XGBoost,False,NYU_0051114,22.48,16.784765243530273
ABIDEI-NYU,XGBoost,False,NYU_0051094,12.1,10.93581771850586
ABIDEI-NYU,XGBoost,False,NYU_0051116,25.34,20.089147567749023
ABIDEI-NYU,XGBoost,False,NYU_0051049,13.22,11.459877967834473
ABIDEI-NYU,XGBoost,False,NYU_0051089,10.76,9.619158744812012
ABIDEI-NYU,XGBoost,False,NYU_0051100,14.36,18.054746627807617
ABIDEI-NYU,XGBoost,False,NYU_0051095,12.23,9.558484077453613
ABIDEI-NYU,XGBoost,False,NYU_0051104,15.27,12.852560043334961
ABIDEI-NYU,XGBoost,False,NYU_0051105,15.28,19.518747329711914
ABIDEI-NYU,XGBoost,False,NYU_0051101,14.43,15.419126510620117
ABIDEI-NYU,XGBoost,False,NYU_0051112,19.23,23.468238830566406
ABIDEI-NYU,XGBoost,False,NYU_0051098,13.63,12.901388168334961
ABIDEI-NYU,XGBoost,False,NYU_0051097,13.58,12.259956359863281
ABIDEI-NYU,XGBoost,False,NYU_0051108,15.71,13.81510066986084
ABIDEI-OHSU,ElasticNet,False,OHSU_0050167,10.08,1.8542500436371938
ABIDEI-OHSU,ElasticNet,False,OHSU_0050165,9.69,4.776210821056111
ABIDEI-OHSU,ElasticNet,False,OHSU_0050164,8.86,3.7940414137644893
ABIDEI-OHSU,ElasticNet,False,OHSU_0050162,8.94,6.097349598767096
ABIDEI-OHSU,ElasticNet,False,OHSU_0050163,9.4,7.671668492198364
ABIDEI-OHSU,ElasticNet,False,OHSU_0050171,10.64,5.423959984665089
ABIDEI-OHSU,ElasticNet,False,OHSU_0050169,11.99,15.536635956489363
ABIDEI-OHSU,ElasticNet,False,OHSU_0050160,11.45,12.263563336640004
ABIDEI-OHSU,ElasticNet,False,OHSU_0050166,8.2,6.039443544018582
ABIDEI-OHSU,ElasticNet,False,OHSU_0050159,10.29,12.93278764255956
ABIDEI-OHSU,ElasticNet,False,OHSU_0050158,11.55,2.664807153451534
ABIDEI-OHSU,ElasticNet,False,OHSU_0050157,10.5,8.286298174423223
ABIDEI-OHSU,ElasticNet,False,OHSU_0050161,9.15,13.073193204260178
ABIDEI-OHSU,ElasticNet,False,OHSU_0050168,9.69,2.778044512685824
ABIDEI-OHSU,ElasticNet,False,OHSU_0050170,10.53,16.2308360455894
ABIDEI-OHSU,RandomForest,False,OHSU_0050167,10.08,9.54406105669001
ABIDEI-OHSU,RandomForest,False,OHSU_0050165,9.69,9.506965537056157
ABIDEI-OHSU,RandomForest,False,OHSU_0050164,8.86,9.513621870868098
ABIDEI-OHSU,RandomForest,False,OHSU_0050162,8.94,11.259071288495418
ABIDEI-OHSU,RandomForest,False,OHSU_0050163,9.4,11.451157460558642
ABIDEI-OHSU,RandomForest,False,OHSU_0050171,10.64,10.339079809242069
ABIDEI-OHSU,RandomForest,False,OHSU_0050169,11.99,14.167298587348997
ABIDEI-OHSU,RandomForest,False,OHSU_0050160,11.45,13.48428595580816
ABIDEI-OHSU,RandomForest,False,OHSU_0050166,8.2,10.659763163659136
ABIDEI-OHSU,RandomForest,False,OHSU_0050159,10.29,14.025177132984478
ABIDEI-OHSU,RandomForest,False,OHSU_0050158,11.55,11.517082921834518
ABIDEI-OHSU,RandomForest,False,OHSU_0050157,10.5,11.494320372393577
ABIDEI-OHSU,RandomForest,False,OHSU_0050161,9.15,12.391707298862784
ABIDEI-OHSU,RandomForest,False,OHSU_0050168,9.69,11.615178945161606
ABIDEI-OHSU,RandomForest,False,OHSU_0050170,10.53,13.334469646000816
ABIDEI-OHSU,XGBoost,False,OHSU_0050167,10.08,9.924910545349121
ABIDEI-OHSU,XGBoost,False,OHSU_0050165,9.69,9.64721393585205
ABIDEI-OHSU,XGBoost,False,OHSU_0050164,8.86,10.466257095336914
ABIDEI-OHSU,XGBoost,False,OHSU_0050162,8.94,10.504683494567871
ABIDEI-OHSU,XGBoost,False,OHSU_0050163,9.4,10.504683494567871
ABIDEI-OHSU,XGBoost,False,OHSU_0050171,10.64,9.936246871948242
ABIDEI-OHSU,XGBoost,False,OHSU_0050169,11.99,14.903076171875
ABIDEI-OHSU,XGBoost,False,OHSU_0050160,11.45,11.754830360412598
ABIDEI-OHSU,XGBoost,False,OHSU_0050166,8.2,10.4262113571167
ABIDEI-OHSU,XGBoost,False,OHSU_0050159,10.29,13.38393497467041
ABIDEI-OHSU,XGBoost,False,OHSU_0050158,11.55,11.222097396850586
ABIDEI-OHSU,XGBoost,False,OHSU_0050157,10.5,10.6405668258667
ABIDEI-OHSU,XGBoost,False,OHSU_0050161,9.15,11.846044540405273
ABIDEI-OHSU,XGBoost,False,OHSU_0050168,9.69,10.381486892700195
ABIDEI-OHSU,XGBoost,False,OHSU_0050170,10.53,13.444737434387207
ABIDEI-OLIN,ElasticNet,False,Olin_0050102,14.0,16.387080357273135
ABIDEI-OLIN,ElasticNet,False,Olin_0050103,14.0,17.581518499250592
ABIDEI-OLIN,ElasticNet,False,Olin_0050115,23.0,23.833623629667045
ABIDEI-OLIN,ElasticNet,False,Olin_0050116,15.0,19.383791264555725
ABIDEI-OLIN,ElasticNet,False,Olin_0050117,21.0,26.61244043606223
ABIDEI-OLIN,ElasticNet,False,Olin_0050112,17.0,33.8858730271628
ABIDEI-OLIN,ElasticNet,False,Olin_0050109,20.0,36.127223126979175
ABIDEI-OLIN,ElasticNet,False,Olin_0050113,15.0,24.554643025097107
ABIDEI-OLIN,ElasticNet,False,Olin_0050106,10.0,2.733190060133211
ABIDEI-OLIN,ElasticNet,False,Olin_0050114,20.0,37.69583179704341
ABIDEI-OLIN,ElasticNet,False,Olin_0050104,16.0,19.229975080476606
ABIDEI-OLIN,ElasticNet,False,Olin_0050107,21.0,26.955115603640934
ABIDEI-OLIN,ElasticNet,False,Olin_0050111,14.0,21.92231863705979
ABIDEI-OLIN,ElasticNet,False,Olin_0050105,17.0,18.035476251011232
ABIDEI-OLIN,RandomForest,False,Olin_0050102,14.0,12.07093517552756
ABIDEI-OLIN,RandomForest,False,Olin_0050103,14.0,14.051112344725318
ABIDEI-OLIN,RandomForest,False,Olin_0050115,23.0,19.416259468434706
ABIDEI-OLIN,RandomForest,False,Olin_0050116,15.0,15.5198705950686
ABIDEI-OLIN,RandomForest,False,Olin_0050117,21.0,21.263013868512274
ABIDEI-OLIN,RandomForest,False,Olin_0050112,17.0,24.262945011831697
ABIDEI-OLIN,RandomForest,False,Olin_0050109,20.0,29.892462741970213
ABIDEI-OLIN,RandomForest,False,Olin_0050113,15.0,15.872145751009205
ABIDEI-OLIN,RandomForest,False,Olin_0050106,10.0,10.293958945861347
ABIDEI-OLIN,RandomForest,False,Olin_0050114,20.0,27.399914852165796
ABIDEI-OLIN,RandomForest,False,Olin_0050104,16.0,15.224221124050015
ABIDEI-OLIN,RandomForest,False,Olin_0050107,21.0,25.30775208731665
ABIDEI-OLIN,RandomForest,False,Olin_0050111,14.0,16.375283845323768
ABIDEI-OLIN,RandomForest,False,Olin_0050105,17.0,14.883813059925705
ABIDEI-OLIN,XGBoost,False,Olin_0050102,14.0,11.941740989685059
ABIDEI-OLIN,XGBoost,False,Olin_0050103,14.0,14.137031555175781
ABIDEI-OLIN,XGBoost,False,Olin_0050115,23.0,17.45808982849121
ABIDEI-OLIN,XGBoost,False,Olin_0050116,15.0,16.200382232666016
ABIDEI-OLIN,XGBoost,False,Olin_0050117,21.0,20.796804428100586
ABIDEI-OLIN,XGBoost,False,Olin_0050112,17.0,24.62149429321289
ABIDEI-OLIN,XGBoost,False,Olin_0050109,20.0,30.234519958496094
ABIDEI-OLIN,XGBoost,False,Olin_0050113,15.0,14.244614601135254
ABIDEI-OLIN,XGBoost,False,Olin_0050106,10.0,9.268550872802734
ABIDEI-OLIN,XGBoost,False,Olin_0050114,20.0,28.38670539855957
ABIDEI-OLIN,XGBoost,False,Olin_0050104,16.0,16.646543502807617
ABIDEI-OLIN,XGBoost,False,Olin_0050107,21.0,26.948455810546875
ABIDEI-OLIN,XGBoost,False,Olin_0050111,14.0,16.41202163696289
ABIDEI-OLIN,XGBoost,False,Olin_0050105,17.0,15.171238899230957
ABIDEI-PITT,ElasticNet,False,Pitt_0050050,14.37,21.138814304902667
ABIDEI-PITT,ElasticNet,False,Pitt_0050044,17.13,27.6332116052057
ABIDEI-PITT,ElasticNet,False,Pitt_0050058,23.1,32.240403271844684
ABIDEI-PITT,ElasticNet,False,Pitt_0050060,20.34,31.790675842489804
ABIDEI-PITT,ElasticNet,False,Pitt_0050034,14.77,24.72054325070303
ABIDEI-PITT,ElasticNet,False,Pitt_0050031,12.92,15.244262781446537
ABIDEI-PITT,ElasticNet,False,Pitt_0050030,25.12,31.91990641775942
ABIDEI-PITT,ElasticNet,False,Pitt_0050059,21.22,38.88306940685334
ABIDEI-PITT,ElasticNet,False,Pitt_0050033,12.15,22.263051326549657
ABIDEI-PITT,ElasticNet,False,Pitt_0050035,17.36,22.756853755151838
ABIDEI-PITT,ElasticNet,False,Pitt_0050032,19.8,31.673796890980498
ABIDEI-PITT,ElasticNet,False,Pitt_0050042,33.17,34.675733075541984
ABIDEI-PITT,ElasticNet,False,Pitt_0050039,30.66,35.46624744171618
ABIDEI-PITT,ElasticNet,False,Pitt_0050041,27.92,28.24094225096644
ABIDEI-PITT,ElasticNet,False,Pitt_0050043,13.78,19.74309289029725
ABIDEI-PITT,ElasticNet,False,Pitt_0050051,12.83,13.64794773393146
ABIDEI-PITT,ElasticNet,False,Pitt_0050048,11.81,15.369032993196356
ABIDEI-PITT,ElasticNet,False,Pitt_0050054,9.44,2.035990048512417
ABIDEI-PITT,ElasticNet,False,Pitt_0050049,15.82,34.01752522349875
ABIDEI-PITT,ElasticNet,False,Pitt_0050045,15.7,27.143210919472835
ABIDEI-PITT,ElasticNet,False,Pitt_0050047,15.35,19.17751975638282
ABIDEI-PITT,ElasticNet,False,Pitt_0050040,24.6,35.865776771369724
ABIDEI-PITT,ElasticNet,False,Pitt_0050052,33.24,33.73771269525457
ABIDEI-PITT,ElasticNet,False,Pitt_0050037,19.16,27.060013092729264
ABIDEI-PITT,ElasticNet,False,Pitt_0050036,13.28,33.969272424553424
ABIDEI-PITT,ElasticNet,False,Pitt_0050046,20.65,28.936375955979315
ABIDEI-PITT,ElasticNet,False,Pitt_0050038,13.95,20.45331022131404
ABIDEI-PITT,RandomForest,False,Pitt_0050050,14.37,18.501059514285707
ABIDEI-PITT,RandomForest,False,Pitt_0050044,17.13,23.572772619047605
ABIDEI-PITT,RandomForest,False,Pitt_0050058,23.1,24.90150953571429
ABIDEI-PITT,RandomForest,False,Pitt_0050060,20.34,24.613614904761906
ABIDEI-PITT,RandomForest,False,Pitt_0050034,14.77,19.616338565396827
ABIDEI-PITT,RandomForest,False,Pitt_0050031,12.92,16.094787804761904
ABIDEI-PITT,RandomForest,False,Pitt_0050030,25.12,29.24948132380952
ABIDEI-PITT,RandomForest,False,Pitt_0050059,21.22,30.268145673809528
ABIDEI-PITT,RandomForest,False,Pitt_0050033,12.15,18.26144042857142
ABIDEI-PITT,RandomForest,False,Pitt_0050035,17.36,19.70776
ABIDEI-PITT,RandomForest,False,Pitt_0050032,19.8,25.94740595238097
ABIDEI-PITT,RandomForest,False,Pitt_0050042,33.17,31.16590081904762
ABIDEI-PITT,RandomForest,False,Pitt_0050039,30.66,41.768569428571446
ABIDEI-PITT,RandomForest,False,Pitt_0050041,27.92,25.329323936190477
ABIDEI-PITT,RandomForest,False,Pitt_0050043,13.78,16.986011309523807
ABIDEI-PITT,RandomForest,False,Pitt_0050051,12.83,15.7226696404762
ABIDEI-PITT,RandomForest,False,Pitt_0050048,11.81,14.925404416190474
ABIDEI-PITT,RandomForest,False,Pitt_0050054,9.44,10.18056006365079
ABIDEI-PITT,RandomForest,False,Pitt_0050049,15.82,24.784845738095246
ABIDEI-PITT,RandomForest,False,Pitt_0050045,15.7,21.09345029809524
ABIDEI-PITT,RandomForest,False,Pitt_0050047,15.35,16.856129642857137
ABIDEI-PITT,RandomForest,False,Pitt_0050040,24.6,42.22683567619048
ABIDEI-PITT,RandomForest,False,Pitt_0050052,33.24,36.00040227142858
ABIDEI-PITT,RandomForest,False,Pitt_0050037,19.16,21.33022952380952
ABIDEI-PITT,RandomForest,False,Pitt_0050036,13.28,27.54433587857143
ABIDEI-PITT,RandomForest,False,Pitt_0050046,20.65,22.082812857142855
ABIDEI-PITT,RandomForest,False,Pitt_0050038,13.95,15.226829021428573
ABIDEI-PITT,XGBoost,False,Pitt_0050050,14.37,19.193082809448242
ABIDEI-PITT,XGBoost,False,Pitt_0050044,17.13,23.010189056396484
ABIDEI-PITT,XGBoost,False,Pitt_0050058,23.1,25.693979263305664
ABIDEI-PITT,XGBoost,False,Pitt_0050060,20.34,26.11724853515625
ABIDEI-PITT,XGBoost,False,Pitt_0050034,14.77,19.916580200195312
ABIDEI-PITT,XGBoost,False,Pitt_0050031,12.92,16.283679962158203
ABIDEI-PITT,XGBoost,False,Pitt_0050030,25.12,30.140621185302734
ABIDEI-PITT,XGBoost,False,Pitt_0050059,21.22,32.52200698852539
ABIDEI-PITT,XGBoost,False,Pitt_0050033,12.15,17.031293869018555
ABIDEI-PITT,XGBoost,False,Pitt_0050035,17.36,19.741365432739258
ABIDEI-PITT,XGBoost,False,Pitt_0050032,19.8,29.407207489013672
ABIDEI-PITT,XGBoost,False,Pitt_0050042,33.17,33.34395217895508
ABIDEI-PITT,XGBoost,False,Pitt_0050039,30.66,41.69734573364258
ABIDEI-PITT,XGBoost,False,Pitt_0050041,27.92,23.336437225341797
ABIDEI-PITT,XGBoost,False,Pitt_0050043,13.78,17.167007446289062
ABIDEI-PITT,XGBoost,False,Pitt_0050051,12.83,13.775614738464355
ABIDEI-PITT,XGBoost,False,Pitt_0050048,11.81,15.526294708251953
ABIDEI-PITT,XGBoost,False,Pitt_0050054,9.44,10.404205322265625
ABIDEI-PITT,XGBoost,False,Pitt_0050049,15.82,23.64533805847168
ABIDEI-PITT,XGBoost,False,Pitt_0050045,15.7,21.561800003051758
ABIDEI-PITT,XGBoost,False,Pitt_0050047,15.35,17.18792152404785
ABIDEI-PITT,XGBoost,False,Pitt_0050040,24.6,43.054283142089844
ABIDEI-PITT,XGBoost,False,Pitt_0050052,33.24,40.38422775268555
ABIDEI-PITT,XGBoost,False,Pitt_0050037,19.16,21.465085983276367
ABIDEI-PITT,XGBoost,False,Pitt_0050036,13.28,27.884201049804688
ABIDEI-PITT,XGBoost,False,Pitt_0050046,20.65,17.38126564025879
ABIDEI-PITT,XGBoost,False,Pitt_0050038,13.95,15.000895500183105
ABIDEI-SBL,ElasticNet,False,SBL_0051570,42.0,49.965669116986305
ABIDEI-SBL,ElasticNet,False,SBL_0051563,38.0,49.79139698822735
ABIDEI-SBL,ElasticNet,False,SBL_0051569,36.0,50.44736810664381
ABIDEI-SBL,ElasticNet,False,SBL_0051568,37.0,49.37599495898962
ABIDEI-SBL,ElasticNet,False,SBL_0051567,34.0,45.263014321137234
ABIDEI-SBL,ElasticNet,False,SBL_0051566,41.0,44.964136068277185
ABIDEI-SBL,ElasticNet,False,SBL_0051562,37.0,43.673925875755
ABIDEI-SBL,ElasticNet,False,SBL_0051556,20.0,34.830581583364506
ABIDEI-SBL,ElasticNet,False,SBL_0051558,27.0,40.7723147376297
ABIDEI-SBL,ElasticNet,False,SBL_0051565,39.0,41.764423513926545
ABIDEI-SBL,ElasticNet,False,SBL_0051561,36.0,40.90959630937755
ABIDEI-SBL,ElasticNet,False,SBL_0051559,27.0,45.49654914738937
ABIDEI-SBL,ElasticNet,False,SBL_0051557,26.0,31.93577884189051
ABIDEI-SBL,ElasticNet,False,SBL_0051560,27.0,35.91648787654401
ABIDEI-SBL,ElasticNet,False,SBL_0051564,39.0,43.8282003437223
ABIDEI-SBL,RandomForest,False,SBL_0051570,42.0,43.27706613675011
ABIDEI-SBL,RandomForest,False,SBL_0051563,38.0,41.00401404690711
ABIDEI-SBL,RandomForest,False,SBL_0051569,36.0,44.7837144036652
ABIDEI-SBL,RandomForest,False,SBL_0051568,37.0,44.99729146915431
ABIDEI-SBL,RandomForest,False,SBL_0051567,34.0,44.32789156536065
ABIDEI-SBL,RandomForest,False,SBL_0051566,41.0,30.501248235149607
ABIDEI-SBL,RandomForest,False,SBL_0051562,37.0,28.620960213227754
ABIDEI-SBL,RandomForest,False,SBL_0051556,20.0,23.370410986365204
ABIDEI-SBL,RandomForest,False,SBL_0051558,27.0,26.768968819903883
ABIDEI-SBL,RandomForest,False,SBL_0051565,39.0,35.500607580482146
ABIDEI-SBL,RandomForest,False,SBL_0051561,36.0,31.407064675294727
ABIDEI-SBL,RandomForest,False,SBL_0051559,27.0,38.57208451490617
ABIDEI-SBL,RandomForest,False,SBL_0051557,26.0,22.47124898882805
ABIDEI-SBL,RandomForest,False,SBL_0051560,27.0,25.631744628091457
ABIDEI-SBL,RandomForest,False,SBL_0051564,39.0,31.211516470159296
ABIDEI-SBL,XGBoost,False,SBL_0051570,42.0,30.310314178466797
ABIDEI-SBL,XGBoost,False,SBL_0051563,38.0,27.426855087280273
ABIDEI-SBL,XGBoost,False,SBL_0051569,36.0,33.488346099853516
ABIDEI-SBL,XGBoost,False,SBL_0051568,37.0,36.79440689086914
ABIDEI-SBL,XGBoost,False,SBL_0051567,34.0,45.69316864013672
ABIDEI-SBL,XGBoost,False,SBL_0051566,41.0,24.826560974121094
ABIDEI-SBL,XGBoost,False,SBL_0051562,37.0,25.465778350830078
ABIDEI-SBL,XGBoost,False,SBL_0051556,20.0,27.07863426208496
ABIDEI-SBL,XGBoost,False,SBL_0051558,27.0,20.524988174438477
ABIDEI-SBL,XGBoost,False,SBL_0051565,39.0,34.70142364501953
ABIDEI-SBL,XGBoost,False,SBL_0051561,36.0,23.841794967651367
ABIDEI-SBL,XGBoost,False,SBL_0051559,27.0,29.827184677124023
ABIDEI-SBL,XGBoost,False,SBL_0051557,26.0,21.888683319091797
ABIDEI-SBL,XGBoost,False,SBL_0051560,27.0,19.65378761291504
ABIDEI-SBL,XGBoost,False,SBL_0051564,39.0,20.43279266357422
ABIDEI-SDSU,ElasticNet,False,SDSU_0050213,12.38,7.047589815443871
ABIDEI-SDSU,ElasticNet,False,SDSU_0050202,12.08,8.280043889351305
ABIDEI-SDSU,ElasticNet,False,SDSU_0050205,14.1,19.1878743585861
ABIDEI-SDSU,ElasticNet,False,SDSU_0050200,13.88,11.07744993150402
ABIDEI-SDSU,ElasticNet,False,SDSU_0050214,14.76,4.389914994116793
ABIDEI-SDSU,ElasticNet,False,SDSU_0050211,16.13,30.555521065882317
ABIDEI-SDSU,ElasticNet,False,SDSU_0050199,15.53,6.0518042398484795
ABIDEI-SDSU,ElasticNet,False,SDSU_0050198,15.28,24.52990485908947
ABIDEI-SDSU,ElasticNet,False,SDSU_0050210,16.6,15.884237518238706
ABIDEI-SDSU,ElasticNet,False,SDSU_0050209,16.57,12.683478086626906
ABIDEI-SDSU,ElasticNet,False,SDSU_0050201,13.77,19.924338620622393
ABIDEI-SDSU,ElasticNet,False,SDSU_0050193,14.75,6.869806271298444
ABIDEI-SDSU,ElasticNet,False,SDSU_0050217,12.9,11.959095601350327
ABIDEI-SDSU,ElasticNet,False,SDSU_0050215,16.88,23.13419654682525
ABIDEI-SDSU,ElasticNet,False,SDSU_0050208,13.78,12.670880289878937
ABIDEI-SDSU,ElasticNet,False,SDSU_0050196,12.91,7.760513683083104
ABIDEI-SDSU,ElasticNet,False,SDSU_0050204,14.86,14.14621149567813
ABIDEI-SDSU,ElasticNet,False,SDSU_0050194,13.35,5.234933780876759
ABIDEI-SDSU,ElasticNet,False,SDSU_0050195,12.58,16.733061928248162
ABIDEI-SDSU,ElasticNet,False,SDSU_0050206,8.67,10.294465304452729
ABIDEI-SDSU,ElasticNet,False,SDSU_0050203,16.05,11.70625954884315
ABIDEI-SDSU,RandomForest,False,SDSU_0050213,12.38,9.283719159718652
ABIDEI-SDSU,RandomForest,False,SDSU_0050202,12.08,11.043596704528435
ABIDEI-SDSU,RandomForest,False,SDSU_0050205,14.1,15.054443403249682
ABIDEI-SDSU,RandomForest,False,SDSU_0050200,13.88,12.322669512256198
ABIDEI-SDSU,RandomForest,False,SDSU_0050214,14.76,9.702341350495987
ABIDEI-SDSU,RandomForest,False,SDSU_0050211,16.13,27.240584552115887
ABIDEI-SDSU,RandomForest,False,SDSU_0050199,15.53,10.669980134802879
ABIDEI-SDSU,RandomForest,False,SDSU_0050198,15.28,22.314715912209678
ABIDEI-SDSU,RandomForest,False,SDSU_0050210,16.6,13.760116909206763
ABIDEI-SDSU,RandomForest,False,SDSU_0050209,16.57,13.816476416639052
ABIDEI-SDSU,RandomForest,False,SDSU_0050201,13.77,12.421608560271492
ABIDEI-SDSU,RandomForest,False,SDSU_0050193,14.75,11.133122781179486
ABIDEI-SDSU,RandomForest,False,SDSU_0050217,12.9,11.852221356322165
ABIDEI-SDSU,RandomForest,False,SDSU_0050215,16.88,19.561979020670744
ABIDEI-SDSU,RandomForest,False,SDSU_0050208,13.78,10.987600947815809
ABIDEI-SDSU,RandomForest,False,SDSU_0050196,12.91,10.394010893908012
ABIDEI-SDSU,RandomForest,False,SDSU_0050204,14.86,11.907192629422104
ABIDEI-SDSU,RandomForest,False,SDSU_0050194,13.35,9.91940762053422
ABIDEI-SDSU,RandomForest,False,SDSU_0050195,12.58,11.998872405608944
ABIDEI-SDSU,RandomForest,False,SDSU_0050206,8.67,10.865265356878114
ABIDEI-SDSU,RandomForest,False,SDSU_0050203,16.05,11.690721372450124
ABIDEI-SDSU,XGBoost,False,SDSU_0050213,12.38,9.47545337677002
ABIDEI-SDSU,XGBoost,False,SDSU_0050202,12.08,11.207121849060059
ABIDEI-SDSU,XGBoost,False,SDSU_0050205,14.1,13.32792854309082
ABIDEI-SDSU,XGBoost,False,SDSU_0050200,13.88,11.264981269836426
ABIDEI-SDSU,XGBoost,False,SDSU_0050214,14.76,9.973872184753418
ABIDEI-SDSU,XGBoost,False,SDSU_0050211,16.13,22.629301071166992
ABIDEI-SDSU,XGBoost,False,SDSU_0050199,15.53,10.852828979492188
ABIDEI-SDSU,XGBoost,False,SDSU_0050198,15.28,21.410459518432617
ABIDEI-SDSU,XGBoost,False,SDSU_0050210,16.6,12.249773979187012
ABIDEI-SDSU,XGBoost,False,SDSU_0050209,16.57,12.580801963806152
ABIDEI-SDSU,XGBoost,False,SDSU_0050201,13.77,15.597922325134277
ABIDEI-SDSU,XGBoost,False,SDSU_0050193,14.75,11.244159698486328
ABIDEI-SDSU,XGBoost,False,SDSU_0050217,12.9,10.884065628051758
ABIDEI-SDSU,XGBoost,False,SDSU_0050215,16.88,19.45468521118164
ABIDEI-SDSU,XGBoost,False,SDSU_0050208,13.78,10.520843505859375
ABIDEI-SDSU,XGBoost,False,SDSU_0050196,12.91,10.786888122558594
ABIDEI-SDSU,XGBoost,False,SDSU_0050204,14.86,11.876903533935547
ABIDEI-SDSU,XGBoost,False,SDSU_0050194,13.35,10.030492782592773
ABIDEI-SDSU,XGBoost,False,SDSU_0050195,12.58,12.109579086303711
ABIDEI-SDSU,XGBoost,False,SDSU_0050206,8.67,10.543697357177734
ABIDEI-SDSU,XGBoost,False,SDSU_0050203,16.05,10.653843879699707
ABIDEI-STANFORD,ElasticNet,False,Stanford_0051197,12.43,38.91232053394219
ABIDEI-STANFORD,ElasticNet,False,Stanford_0051196,11.88,46.74187031094584
ABIDEI-STANFORD,ElasticNet,False,Stanford_0051194,12.35,36.5898542241905
ABIDEI-STANFORD,ElasticNet,False,Stanford_0051192,10.22,24.885054681236852
ABIDEI-STANFORD,ElasticNet,False,Stanford_0051188,8.97,14.065841151199152
ABIDEI-STANFORD,ElasticNet,False,Stanford_0051182,10.69,12.815059590447277
ABIDEI-STANFORD,ElasticNet,False,Stanford_0051183,8.27,20.012190834306693
ABIDEI-STANFORD,ElasticNet,False,Stanford_0051189,9.21,22.06203369994887
ABIDEI-STANFORD,ElasticNet,False,Stanford_0051198,12.25,40.865618371108326
ABIDEI-STANFORD,ElasticNet,False,Stanford_0051180,7.75,1.883803311585325
ABIDEI-STANFORD,ElasticNet,False,Stanford_0051181,9.31,12.27008520545678
ABIDEI-STANFORD,ElasticNet,False,Stanford_0051184,9.11,16.32507501595944
ABIDEI-STANFORD,RandomForest,False,Stanford_0051197,12.43,40.18159128708517
ABIDEI-STANFORD,RandomForest,False,Stanford_0051196,11.88,45.46531058566624
ABIDEI-STANFORD,RandomForest,False,Stanford_0051194,12.35,24.443616372914125
ABIDEI-STANFORD,RandomForest,False,Stanford_0051192,10.22,27.031534391269854
ABIDEI-STANFORD,RandomForest,False,Stanford_0051188,8.97,17.105037555916304
ABIDEI-STANFORD,RandomForest,False,Stanford_0051182,10.69,18.20794754973544
ABIDEI-STANFORD,RandomForest,False,Stanford_0051183,8.27,17.8136583642857
ABIDEI-STANFORD,RandomForest,False,Stanford_0051189,9.21,18.415789123290196
ABIDEI-STANFORD,RandomForest,False,Stanford_0051198,12.25,41.850637829581544
ABIDEI-STANFORD,RandomForest,False,Stanford_0051180,7.75,13.34502477599824
ABIDEI-STANFORD,RandomForest,False,Stanford_0051181,9.31,17.116592423809543
ABIDEI-STANFORD,RandomForest,False,Stanford_0051184,9.11,15.463195185658506
ABIDEI-STANFORD,XGBoost,False,Stanford_0051197,12.43,33.402374267578125
ABIDEI-STANFORD,XGBoost,False,Stanford_0051196,11.88,29.07821273803711
ABIDEI-STANFORD,XGBoost,False,Stanford_0051194,12.35,22.2898006439209
ABIDEI-STANFORD,XGBoost,False,Stanford_0051192,10.22,23.254148483276367
ABIDEI-STANFORD,XGBoost,False,Stanford_0051188,8.97,13.354629516601562
ABIDEI-STANFORD,XGBoost,False,Stanford_0051182,10.69,11.602086067199707
ABIDEI-STANFORD,XGBoost,False,Stanford_0051183,8.27,11.310416221618652
ABIDEI-STANFORD,XGBoost,False,Stanford_0051189,9.21,16.479530334472656
ABIDEI-STANFORD,XGBoost,False,Stanford_0051198,12.25,30.738615036010742
ABIDEI-STANFORD,XGBoost,False,Stanford_0051180,7.75,7.235662937164307
ABIDEI-STANFORD,XGBoost,False,Stanford_0051181,9.31,6.446013927459717
ABIDEI-STANFORD,XGBoost,False,Stanford_0051184,9.11,11.230801582336426
ABIDEI-TRINITY,ElasticNet,False,Trinity_0051136,12.66,9.8264681862604
ABIDEI-TRINITY,ElasticNet,False,Trinity_0051139,19.5,22.867630362800924
ABIDEI-TRINITY,ElasticNet,False,Trinity_0050260,20.33,29.448813184228243
ABIDEI-TRINITY,ElasticNet,False,Trinity_0050261,20.08,17.027253020459057
ABIDEI-TRINITY,ElasticNet,False,Trinity_0050262,21.33,25.71361047676794
ABIDEI-TRINITY,ElasticNet,False,Trinity_0050264,25.66,26.69726047365816
ABIDEI-TRINITY,ElasticNet,False,Trinity_0050265,12.25,13.606518460762231
ABIDEI-TRINITY,ElasticNet,False,Trinity_0050271,19.66,11.10002930051212
ABIDEI-TRINITY,ElasticNet,False,Trinity_0051142,14.91,15.535511013534915
ABIDEI-TRINITY,ElasticNet,False,Trinity_0051133,12.04,5.202274288864942
ABIDEI-TRINITY,ElasticNet,False,Trinity_0050257,14.91,7.276075540699367
ABIDEI-TRINITY,ElasticNet,False,Trinity_0051135,13.75,20.313151187644166
ABIDEI-TRINITY,ElasticNet,False,Trinity_0050259,19.83,22.401314289927882
ABIDEI-TRINITY,ElasticNet,False,Trinity_0051137,13.25,17.29342808563979
ABIDEI-TRINITY,ElasticNet,False,Trinity_0050267,17.5,18.819475697560733
ABIDEI-TRINITY,ElasticNet,False,Trinity_0050266,15.91,20.773132796175446
ABIDEI-TRINITY,ElasticNet,False,Trinity_0050270,19.33,29.410193726975763
ABIDEI-TRINITY,ElasticNet,False,Trinity_0051132,24.83,33.315010098447146
ABIDEI-TRINITY,ElasticNet,False,Trinity_0051140,15.75,25.589393113640426
ABIDEI-TRINITY,ElasticNet,False,Trinity_0051141,15.91,10.986671019044365
ABIDEI-TRINITY,ElasticNet,False,Trinity_0050268,14.41,19.87292397717613
ABIDEI-TRINITY,ElasticNet,False,Trinity_0050263,19.08,21.84552415528617
ABIDEI-TRINITY,ElasticNet,False,Trinity_0051134,16.83,27.672520067563255
ABIDEI-TRINITY,ElasticNet,False,Trinity_0050269,14.66,11.845130751860552
ABIDEI-TRINITY,ElasticNet,False,Trinity_0051138,12.66,14.784670002552275
ABIDEI-TRINITY,RandomForest,False,Trinity_0051136,12.66,10.702191085493242
ABIDEI-TRINITY,RandomForest,False,Trinity_0051139,19.5,20.4759004328321
ABIDEI-TRINITY,RandomForest,False,Trinity_0050260,20.33,26.023871249629313
ABIDEI-TRINITY,RandomForest,False,Trinity_0050261,20.08,14.638172169374593
ABIDEI-TRINITY,RandomForest,False,Trinity_0050262,21.33,19.87556755256064
ABIDEI-TRINITY,RandomForest,False,Trinity_0050264,25.66,22.334882244746865
ABIDEI-TRINITY,RandomForest,False,Trinity_0050265,12.25,14.530612542155959
ABIDEI-TRINITY,RandomForest,False,Trinity_0050271,19.66,14.129651887765231
ABIDEI-TRINITY,RandomForest,False,Trinity_0051142,14.91,12.275706979021402
ABIDEI-TRINITY,RandomForest,False,Trinity_0051133,12.04,10.343451888703617
ABIDEI-TRINITY,RandomForest,False,Trinity_0050257,14.91,9.605626678361276
ABIDEI-TRINITY,RandomForest,False,Trinity_0051135,13.75,14.316120010665248
ABIDEI-TRINITY,RandomForest,False,Trinity_0050259,19.83,20.269389483854972
ABIDEI-TRINITY,RandomForest,False,Trinity_0051137,13.25,14.506182448144548
ABIDEI-TRINITY,RandomForest,False,Trinity_0050267,17.5,16.540679135738657
ABIDEI-TRINITY,RandomForest,False,Trinity_0050266,15.91,16.2050424988983
ABIDEI-TRINITY,RandomForest,False,Trinity_0050270,19.33,24.77376944660741
ABIDEI-TRINITY,RandomForest,False,Trinity_0051132,24.83,32.87918654115024
ABIDEI-TRINITY,RandomForest,False,Trinity_0051140,15.75,18.18373364022623
ABIDEI-TRINITY,RandomForest,False,Trinity_0051141,15.91,12.265037613115489
ABIDEI-TRINITY,RandomForest,False,Trinity_0050268,14.41,14.374219225434697
ABIDEI-TRINITY,RandomForest,False,Trinity_0050263,19.08,19.573331997669012
ABIDEI-TRINITY,RandomForest,False,Trinity_0051134,16.83,22.36504583582139
ABIDEI-TRINITY,RandomForest,False,Trinity_0050269,14.66,12.16209600879553
ABIDEI-TRINITY,RandomForest,False,Trinity_0051138,12.66,13.40196730632429
ABIDEI-TRINITY,XGBoost,False,Trinity_0051136,12.66,11.363497734069824
ABIDEI-TRINITY,XGBoost,False,Trinity_0051139,19.5,19.024513244628906
ABIDEI-TRINITY,XGBoost,False,Trinity_0050260,20.33,24.719846725463867
ABIDEI-TRINITY,XGBoost,False,Trinity_0050261,20.08,14.825068473815918
ABIDEI-TRINITY,XGBoost,False,Trinity_0050262,21.33,19.773714065551758
ABIDEI-TRINITY,XGBoost,False,Trinity_0050264,25.66,23.208904266357422
ABIDEI-TRINITY,XGBoost,False,Trinity_0050265,12.25,14.97743034362793
ABIDEI-TRINITY,XGBoost,False,Trinity_0050271,19.66,13.964265823364258
ABIDEI-TRINITY,XGBoost,False,Trinity_0051142,14.91,13.127596855163574
ABIDEI-TRINITY,XGBoost,False,Trinity_0051133,12.04,10.382269859313965
ABIDEI-TRINITY,XGBoost,False,Trinity_0050257,14.91,10.064937591552734
ABIDEI-TRINITY,XGBoost,False,Trinity_0051135,13.75,13.607513427734375
ABIDEI-TRINITY,XGBoost,False,Trinity_0050259,19.83,21.636213302612305
ABIDEI-TRINITY,XGBoost,False,Trinity_0051137,13.25,13.930858612060547
ABIDEI-TRINITY,XGBoost,False,Trinity_0050267,17.5,16.073564529418945
ABIDEI-TRINITY,XGBoost,False,Trinity_0050266,15.91,16.507003784179688
ABIDEI-TRINITY,XGBoost,False,Trinity_0050270,19.33,23.384708404541016
ABIDEI-TRINITY,XGBoost,False,Trinity_0051132,24.83,34.00152587890625
ABIDEI-TRINITY,XGBoost,False,Trinity_0051140,15.75,17.989910125732422
ABIDEI-TRINITY,XGBoost,False,Trinity_0051141,15.91,12.005898475646973
ABIDEI-TRINITY,XGBoost,False,Trinity_0050268,14.41,14.036422729492188
ABIDEI-TRINITY,XGBoost,False,Trinity_0050263,19.08,19.956701278686523
ABIDEI-TRINITY,XGBoost,False,Trinity_0051134,16.83,21.371047973632812
ABIDEI-TRINITY,XGBoost,False,Trinity_0050269,14.66,12.18366813659668
ABIDEI-TRINITY,XGBoost,False,Trinity_0051138,12.66,12.023126602172852
ABIDEI-UM,ElasticNet,False,UM_1_0050375,11.6,24.010977607387304
ABIDEI-UM,ElasticNet,False,UM_1_0050365,15.6,36.310877646030235
ABIDEI-UM,ElasticNet,False,UM_2_0050421,15.4,24.314597524017586
ABIDEI-UM,ElasticNet,False,UM_1_0050372,10.2,24.30597762518221
ABIDEI-UM,ElasticNet,False,UM_1_0050369,14.8,32.829537306991824
ABIDEI-UM,ElasticNet,False,UM_1_0050368,17.9,25.163293877164165
ABIDEI-UM,ElasticNet,False,UM_1_0050359,10.4,20.881024693018503
ABIDEI-UM,ElasticNet,False,UM_2_0050383,14.4,33.72814903270364
ABIDEI-UM,ElasticNet,False,UM_1_0050361,18.3,33.96839638603228
ABIDEI-UM,ElasticNet,False,UM_1_0050358,9.8,10.345529581360779
ABIDEI-UM,ElasticNet,False,UM_1_0050355,10.9,17.71536519702306
ABIDEI-UM,ElasticNet,False,UM_1_0050354,14.0,25.670335084434782
ABIDEI-UM,ElasticNet,False,UM_1_0050363,9.8,21.64012147818653
ABIDEI-UM,ElasticNet,False,UM_2_0050385,17.8,24.963406601458473
ABIDEI-UM,ElasticNet,False,UM_1_0050362,11.2,20.80487346452003
ABIDEI-UM,ElasticNet,False,UM_1_0050364,10.8,12.586816465554875
ABIDEI-UM,ElasticNet,False,UM_2_0050418,14.9,15.67024395133717
ABIDEI-UM,ElasticNet,False,UM_2_0050390,14.5,15.648321383051098
ABIDEI-UM,ElasticNet,False,UM_1_0050352,15.5,34.64721653033769
ABIDEI-UM,ElasticNet,False,UM_2_0050382,28.8,29.12816790432862
ABIDEI-UM,ElasticNet,False,UM_2_0050428,15.5,31.94422518874819
ABIDEI-UM,ElasticNet,False,UM_2_0050425,16.6,26.489384122006754
ABIDEI-UM,ElasticNet,False,UM_2_0050424,17.9,33.078789625793775
ABIDEI-UM,ElasticNet,False,UM_2_0050422,14.8,30.149618023278094
ABIDEI-UM,ElasticNet,False,UM_2_0050388,26.8,25.61505972558041
ABIDEI-UM,ElasticNet,False,UM_2_0050419,15.8,34.08590730790854
ABIDEI-UM,ElasticNet,False,UM_2_0050415,17.6,32.25744052540449
ABIDEI-UM,ElasticNet,False,UM_2_0050414,13.8,27.701006178045304
ABIDEI-UM,ElasticNet,False,UM_2_0050391,17.2,32.43371377534379
ABIDEI-UM,ElasticNet,False,UM_2_0050386,17.8,21.754075802434954
ABIDEI-UM,ElasticNet,False,UM_1_0050353,13.1,18.77562006249957
ABIDEI-UM,ElasticNet,False,UM_2_0050416,14.8,27.68284290816098
ABIDEI-UM,ElasticNet,False,UM_1_0050348,19.2,45.00965385992254
ABIDEI-UM,ElasticNet,False,UM_2_0050387,14.0,26.302694591364457
ABIDEI-UM,ElasticNet,False,UM_1_0050370,12.8,17.955600349380347
ABIDEI-UM,ElasticNet,False,UM_1_0050377,11.5,26.296286359104784
ABIDEI-UM,ElasticNet,False,UM_1_0050345,17.3,29.46006018939522
ABIDEI-UM,ElasticNet,False,UM_1_0050344,18.2,27.140565517382925
ABIDEI-UM,ElasticNet,False,UM_1_0050366,8.2,15.397042170489044
ABIDEI-UM,ElasticNet,False,UM_1_0050360,13.9,23.450995657843237
ABIDEI-UM,ElasticNet,False,UM_1_0050357,9.5,14.240481194658287
ABIDEI-UM,ElasticNet,False,UM_1_0050376,9.2,28.32264798795825
ABIDEI-UM,ElasticNet,False,UM_1_0050350,12.4,17.144466006905418
ABIDEI-UM,ElasticNet,False,UM_1_0050343,13.8,27.532529506684227
ABIDEI-UM,ElasticNet,False,UM_1_0050346,18.9,26.64745208563022
ABIDEI-UM,ElasticNet,False,UM_1_0050334,11.0,10.716241996045483
ABIDEI-UM,ElasticNet,False,UM_1_0050351,16.8,22.925216888298905
ABIDEI-UM,ElasticNet,False,UM_1_0050378,11.6,27.00272977526413
ABIDEI-UM,ElasticNet,False,UM_1_0050379,14.3,21.572640276981133
ABIDEI-UM,ElasticNet,False,UM_1_0050380,17.4,35.19878560917891
ABIDEI-UM,ElasticNet,False,UM_1_0050336,14.3,20.85825548077787
ABIDEI-UM,ElasticNet,False,UM_1_0050347,15.6,16.677434135525004
ABIDEI-UM,ElasticNet,False,UM_1_0050335,17.8,23.84079438799961
ABIDEI-UM,ElasticNet,False,UM_1_0050356,17.2,27.431125222000446
ABIDEI-UM,ElasticNet,False,UM_1_0050373,17.2,37.34608136190923
ABIDEI-UM,ElasticNet,False,UM_1_0050341,18.2,26.20111063621175
ABIDEI-UM,ElasticNet,False,UM_1_0050374,9.7,30.9040108398616
ABIDEI-UM,ElasticNet,False,UM_1_0050340,16.1,30.46441361745076
ABIDEI-UM,ElasticNet,False,UM_1_0050339,18.0,25.990630457578504
ABIDEI-UM,ElasticNet,False,UM_1_0050338,13.5,27.893881058193074
ABIDEI-UM,ElasticNet,False,UM_1_0050331,17.2,31.909210469946288
ABIDEI-UM,ElasticNet,False,UM_1_0050330,16.1,22.06111161997194
ABIDEI-UM,ElasticNet,False,UM_1_0050329,17.1,20.22015827531311
ABIDEI-UM,ElasticNet,False,UM_1_0050337,11.8,14.067931953222455
ABIDEI-UM,ElasticNet,False,UM_1_0050381,16.5,27.672464965721588
ABIDEI-UM,ElasticNet,False,UM_1_0050342,12.6,13.903397787164295
ABIDEI-UM,ElasticNet,False,UM_1_0050349,18.9,26.926674935723895
ABIDEI-UM,ElasticNet,False,UM_2_0050417,13.3,29.234225264921974
ABIDEI-UM,ElasticNet,False,UM_1_0050332,10.4,23.172805892680458
ABIDEI-UM,ElasticNet,False,UM_2_0050426,13.6,18.07392896675333
ABIDEI-UM,ElasticNet,False,UM_2_0050427,15.8,31.96075197670109
ABIDEI-UM,ElasticNet,False,UM_1_0050333,10.2,21.47090146896096
ABIDEI-UM,RandomForest,False,UM_1_0050375,11.6,16.436255599999996
ABIDEI-UM,RandomForest,False,UM_1_0050365,15.6,41.515350500000025
ABIDEI-UM,RandomForest,False,UM_2_0050421,15.4,19.59666089999999
ABIDEI-UM,RandomForest,False,UM_1_0050372,10.2,19.731912099999988
ABIDEI-UM,RandomForest,False,UM_1_0050369,14.8,25.717650000000027
ABIDEI-UM,RandomForest,False,UM_1_0050368,17.9,19.086131999999996
ABIDEI-UM,RandomForest,False,UM_1_0050359,10.4,17.79088495000001
ABIDEI-UM,RandomForest,False,UM_2_0050383,14.4,34.36486030000003
ABIDEI-UM,RandomForest,False,UM_1_0050361,18.3,26.099600499999998
ABIDEI-UM,RandomForest,False,UM_1_0050358,9.8,12.616048899999992
ABIDEI-UM,RandomForest,False,UM_1_0050355,10.9,15.656659950000005
ABIDEI-UM,RandomForest,False,UM_1_0050354,14.0,18.799343450000002
ABIDEI-UM,RandomForest,False,UM_1_0050363,9.8,17.2010334
ABIDEI-UM,RandomForest,False,UM_2_0050385,17.8,23.302805299999996
ABIDEI-UM,RandomForest,False,UM_1_0050362,11.2,17.747287400000015
ABIDEI-UM,RandomForest,False,UM_1_0050364,10.8,13.208246150000015
ABIDEI-UM,RandomForest,False,UM_2_0050418,14.9,15.473804200000007
ABIDEI-UM,RandomForest,False,UM_2_0050390,14.5,16.015744650000002
ABIDEI-UM,RandomForest,False,UM_1_0050352,15.5,35.359349999999985
ABIDEI-UM,RandomForest,False,UM_2_0050382,28.8,25.11276699999999
ABIDEI-UM,RandomForest,False,UM_2_0050428,15.5,29.564717
ABIDEI-UM,RandomForest,False,UM_2_0050425,16.6,21.983427149999994
ABIDEI-UM,RandomForest,False,UM_2_0050424,17.9,29.073566500000005
ABIDEI-UM,RandomForest,False,UM_2_0050422,14.8,29.333824700000008
ABIDEI-UM,RandomForest,False,UM_2_0050388,26.8,20.448867400000005
ABIDEI-UM,RandomForest,False,UM_2_0050419,15.8,33.01225099999999
ABIDEI-UM,RandomForest,False,UM_2_0050415,17.6,31.69905150000001
ABIDEI-UM,RandomForest,False,UM_2_0050414,13.8,19.048465550000003
ABIDEI-UM,RandomForest,False,UM_2_0050391,17.2,26.127950000000013
ABIDEI-UM,RandomForest,False,UM_2_0050386,17.8,19.807662449999995
ABIDEI-UM,RandomForest,False,UM_1_0050353,13.1,15.053116649999993
ABIDEI-UM,RandomForest,False,UM_2_0050416,14.8,24.40187640000002
ABIDEI-UM,RandomForest,False,UM_1_0050348,19.2,46.06011700000003
ABIDEI-UM,RandomForest,False,UM_2_0050387,14.0,20.972189999999998
ABIDEI-UM,RandomForest,False,UM_1_0050370,12.8,16.25293495000001
ABIDEI-UM,RandomForest,False,UM_1_0050377,11.5,23.531994949999984
ABIDEI-UM,RandomForest,False,UM_1_0050345,17.3,27.436283499999977
ABIDEI-UM,RandomForest,False,UM_1_0050344,18.2,22.339850000000006
ABIDEI-UM,RandomForest,False,UM_1_0050366,8.2,12.557951833333336
ABIDEI-UM,RandomForest,False,UM_1_0050360,13.9,18.734174550000006
ABIDEI-UM,RandomForest,False,UM_1_0050357,9.5,11.26160018333334
ABIDEI-UM,RandomForest,False,UM_1_0050376,9.2,20.624519900000006
ABIDEI-UM,RandomForest,False,UM_1_0050350,12.4,15.0730818
ABIDEI-UM,RandomForest,False,UM_1_0050343,13.8,18.611532349999997
ABIDEI-UM,RandomForest,False,UM_1_0050346,18.9,19.973534950000012
ABIDEI-UM,RandomForest,False,UM_1_0050334,11.0,13.846867500000004
ABIDEI-UM,RandomForest,False,UM_1_0050351,16.8,19.31625000000001
ABIDEI-UM,RandomForest,False,UM_1_0050378,11.6,22.7231667
ABIDEI-UM,RandomForest,False,UM_1_0050379,14.3,17.55907445
ABIDEI-UM,RandomForest,False,UM_1_0050380,17.4,30.219584000000005
ABIDEI-UM,RandomForest,False,UM_1_0050336,14.3,15.343821500000008
ABIDEI-UM,RandomForest,False,UM_1_0050347,15.6,15.635166950000002
ABIDEI-UM,RandomForest,False,UM_1_0050335,17.8,20.62989349999999
ABIDEI-UM,RandomForest,False,UM_1_0050356,17.2,17.731005850000003
ABIDEI-UM,RandomForest,False,UM_1_0050373,17.2,33.778634000000025
ABIDEI-UM,RandomForest,False,UM_1_0050341,18.2,18.171320000000016
ABIDEI-UM,RandomForest,False,UM_1_0050374,9.7,22.462868849999992
ABIDEI-UM,RandomForest,False,UM_1_0050340,16.1,19.64800000000001
ABIDEI-UM,RandomForest,False,UM_1_0050339,18.0,23.007069700000006
ABIDEI-UM,RandomForest,False,UM_1_0050338,13.5,18.010534950000014
ABIDEI-UM,RandomForest,False,UM_1_0050331,17.2,23.717699999999994
ABIDEI-UM,RandomForest,False,UM_1_0050330,16.1,17.271971399999995
ABIDEI-UM,RandomForest,False,UM_1_0050329,17.1,18.68565000000001
ABIDEI-UM,RandomForest,False,UM_1_0050337,11.8,13.285856999999998
ABIDEI-UM,RandomForest,False,UM_1_0050381,16.5,25.032642350000007
ABIDEI-UM,RandomForest,False,UM_1_0050342,12.6,14.418069550000007
ABIDEI-UM,RandomForest,False,UM_1_0050349,18.9,20.98984585000001
ABIDEI-UM,RandomForest,False,UM_2_0050417,13.3,27.00663279999998
ABIDEI-UM,RandomForest,False,UM_1_0050332,10.4,19.766350900000006
ABIDEI-UM,RandomForest,False,UM_2_0050426,13.6,16.855817499999993
ABIDEI-UM,RandomForest,False,UM_2_0050427,15.8,27.213351000000007
ABIDEI-UM,RandomForest,False,UM_1_0050333,10.2,16.7313379
ABIDEI-UM,XGBoost,False,UM_1_0050375,11.6,13.302406311035156
ABIDEI-UM,XGBoost,False,UM_1_0050365,15.6,27.930126190185547
ABIDEI-UM,XGBoost,False,UM_2_0050421,15.4,15.08785629272461
ABIDEI-UM,XGBoost,False,UM_1_0050372,10.2,17.939048767089844
ABIDEI-UM,XGBoost,False,UM_1_0050369,14.8,22.289493560791016
ABIDEI-UM,XGBoost,False,UM_1_0050368,17.9,15.162181854248047
ABIDEI-UM,XGBoost,False,UM_1_0050359,10.4,7.430498123168945
ABIDEI-UM,XGBoost,False,UM_2_0050383,14.4,23.986818313598633
ABIDEI-UM,XGBoost,False,UM_1_0050361,18.3,20.645153045654297
ABIDEI-UM,XGBoost,False,UM_1_0050358,9.8,8.72023868560791
ABIDEI-UM,XGBoost,False,UM_1_0050355,10.9,11.559350967407227
ABIDEI-UM,XGBoost,False,UM_1_0050354,14.0,13.639081954956055
ABIDEI-UM,XGBoost,False,UM_1_0050363,9.8,13.612321853637695
ABIDEI-UM,XGBoost,False,UM_2_0050385,17.8,10.452567100524902
ABIDEI-UM,XGBoost,False,UM_1_0050362,11.2,13.136897087097168
ABIDEI-UM,XGBoost,False,UM_1_0050364,10.8,9.903247833251953
ABIDEI-UM,XGBoost,False,UM_2_0050418,14.9,12.748556137084961
ABIDEI-UM,XGBoost,False,UM_2_0050390,14.5,12.291754722595215
ABIDEI-UM,XGBoost,False,UM_1_0050352,15.5,36.74457550048828
ABIDEI-UM,XGBoost,False,UM_2_0050382,28.8,14.59050464630127
ABIDEI-UM,XGBoost,False,UM_2_0050428,15.5,25.683565139770508
ABIDEI-UM,XGBoost,False,UM_2_0050425,16.6,22.65007209777832
ABIDEI-UM,XGBoost,False,UM_2_0050424,17.9,23.681245803833008
ABIDEI-UM,XGBoost,False,UM_2_0050422,14.8,14.852171897888184
ABIDEI-UM,XGBoost,False,UM_2_0050388,26.8,14.83961296081543
ABIDEI-UM,XGBoost,False,UM_2_0050419,15.8,26.014854431152344
ABIDEI-UM,XGBoost,False,UM_2_0050415,17.6,15.389626502990723
ABIDEI-UM,XGBoost,False,UM_2_0050414,13.8,13.378658294677734
ABIDEI-UM,XGBoost,False,UM_2_0050391,17.2,28.832408905029297
ABIDEI-UM,XGBoost,False,UM_2_0050386,17.8,16.307327270507812
ABIDEI-UM,XGBoost,False,UM_1_0050353,13.1,7.546969890594482
ABIDEI-UM,XGBoost,False,UM_2_0050416,14.8,18.672374725341797
ABIDEI-UM,XGBoost,False,UM_1_0050348,19.2,38.082427978515625
ABIDEI-UM,XGBoost,False,UM_2_0050387,14.0,16.64458656311035
ABIDEI-UM,XGBoost,False,UM_1_0050370,12.8,12.040783882141113
ABIDEI-UM,XGBoost,False,UM_1_0050377,11.5,18.653200149536133
ABIDEI-UM,XGBoost,False,UM_1_0050345,17.3,17.30718994140625
ABIDEI-UM,XGBoost,False,UM_1_0050344,18.2,13.428727149963379
ABIDEI-UM,XGBoost,False,UM_1_0050366,8.2,11.63100528717041
ABIDEI-UM,XGBoost,False,UM_1_0050360,13.9,15.596078872680664
ABIDEI-UM,XGBoost,False,UM_1_0050357,9.5,8.809915542602539
ABIDEI-UM,XGBoost,False,UM_1_0050376,9.2,15.439496994018555
ABIDEI-UM,XGBoost,False,UM_1_0050350,12.4,12.551112174987793
ABIDEI-UM,XGBoost,False,UM_1_0050343,13.8,13.403488159179688
ABIDEI-UM,XGBoost,False,UM_1_0050346,18.9,19.27747917175293
ABIDEI-UM,XGBoost,False,UM_1_0050334,11.0,11.47691822052002
ABIDEI-UM,XGBoost,False,UM_1_0050351,16.8,20.37285804748535
ABIDEI-UM,XGBoost,False,UM_1_0050378,11.6,13.848394393920898
ABIDEI-UM,XGBoost,False,UM_1_0050379,14.3,14.241765022277832
ABIDEI-UM,XGBoost,False,UM_1_0050380,17.4,26.13235092163086
ABIDEI-UM,XGBoost,False,UM_1_0050336,14.3,13.409557342529297
ABIDEI-UM,XGBoost,False,UM_1_0050347,15.6,9.435230255126953
ABIDEI-UM,XGBoost,False,UM_1_0050335,17.8,16.797075271606445
ABIDEI-UM,XGBoost,False,UM_1_0050356,17.2,8.532225608825684
ABIDEI-UM,XGBoost,False,UM_1_0050373,17.2,21.469112396240234
ABIDEI-UM,XGBoost,False,UM_1_0050341,18.2,16.40849494934082
ABIDEI-UM,XGBoost,False,UM_1_0050374,9.7,19.043704986572266
ABIDEI-UM,XGBoost,False,UM_1_0050340,16.1,17.399778366088867
ABIDEI-UM,XGBoost,False,UM_1_0050339,18.0,21.897462844848633
ABIDEI-UM,XGBoost,False,UM_1_0050338,13.5,12.88017463684082
ABIDEI-UM,XGBoost,False,UM_1_0050331,17.2,22.09284019470215
ABIDEI-UM,XGBoost,False,UM_1_0050330,16.1,15.342000007629395
ABIDEI-UM,XGBoost,False,UM_1_0050329,17.1,18.283008575439453
ABIDEI-UM,XGBoost,False,UM_1_0050337,11.8,8.318078994750977
ABIDEI-UM,XGBoost,False,UM_1_0050381,16.5,19.41153907775879
ABIDEI-UM,XGBoost,False,UM_1_0050342,12.6,11.018959999084473
ABIDEI-UM,XGBoost,False,UM_1_0050349,18.9,16.559951782226562
ABIDEI-UM,XGBoost,False,UM_2_0050417,13.3,23.385000228881836
ABIDEI-UM,XGBoost,False,UM_1_0050332,10.4,10.134115219116211
ABIDEI-UM,XGBoost,False,UM_2_0050426,13.6,15.928900718688965
ABIDEI-UM,XGBoost,False,UM_2_0050427,15.8,23.606496810913086
ABIDEI-UM,XGBoost,False,UM_1_0050333,10.2,12.906792640686035
ABIDEI-USM,ElasticNet,False,USM_0050460,14.41,20.368733740785274
ABIDEI-USM,ElasticNet,False,USM_0050459,18.15,31.76044924791529
ABIDEI-USM,ElasticNet,False,USM_0050458,26.15,30.34298260240041
ABIDEI-USM,ElasticNet,False,USM_0050455,31.28,32.2336981028277
ABIDEI-USM,ElasticNet,False,USM_0050456,16.1,25.07219384362213
ABIDEI-USM,ElasticNet,False,USM_0050454,18.8,18.42197068138762
ABIDEI-USM,ElasticNet,False,USM_0050462,24.65,29.944327641784867
ABIDEI-USM,ElasticNet,False,USM_0050444,24.99,29.307664236503456
ABIDEI-USM,ElasticNet,False,USM_0050457,34.05,27.400356049024595
ABIDEI-USM,ElasticNet,False,USM_0050448,10.47,7.124644138508984
ABIDEI-USM,ElasticNet,False,USM_0050467,19.76,35.04433887870323
ABIDEI-USM,ElasticNet,False,USM_0050468,39.39,35.1224753138639
ABIDEI-USM,ElasticNet,False,USM_0050471,25.02,28.484866736800427
ABIDEI-USM,ElasticNet,False,USM_0050472,22.11,34.30501203049232
ABIDEI-USM,ElasticNet,False,USM_0050473,22.44,26.666889589109473
ABIDEI-USM,ElasticNet,False,USM_0050474,22.05,26.48478291240292
ABIDEI-USM,ElasticNet,False,USM_0050449,18.22,21.68068258771143
ABIDEI-USM,ElasticNet,False,USM_0050463,28.37,24.107792475927454
ABIDEI-USM,ElasticNet,False,USM_0050451,12.53,15.722185902008619
ABIDEI-USM,ElasticNet,False,USM_0050465,34.01,37.42182609943961
ABIDEI-USM,ElasticNet,False,USM_0050464,9.95,4.153890394680957
ABIDEI-USM,ElasticNet,False,USM_0050453,8.77,9.049982048538595
ABIDEI-USM,ElasticNet,False,USM_0050445,18.14,19.595936754316426
ABIDEI-USM,ElasticNet,False,USM_0050466,39.25,39.54578189945596
ABIDEI-USM,ElasticNet,False,USM_0050452,29.97,24.454363733031983
ABIDEI-USM,ElasticNet,False,USM_0050450,21.1,28.2855672370996
ABIDEI-USM,ElasticNet,False,USM_0050439,22.6,22.049622000990098
ABIDEI-USM,ElasticNet,False,USM_0050461,16.39,9.988365224480162
ABIDEI-USM,ElasticNet,False,USM_0050438,15.03,13.1068055376968
ABIDEI-USM,ElasticNet,False,USM_0050469,28.56,39.57510578187271
ABIDEI-USM,ElasticNet,False,USM_0050447,12.94,17.950221038194854
ABIDEI-USM,ElasticNet,False,USM_0050470,9.92,3.6462428832722935
ABIDEI-USM,ElasticNet,False,USM_0050446,27.32,29.76440433503865
ABIDEI-USM,ElasticNet,False,USM_0050435,16.1,28.02137450996827
ABIDEI-USM,ElasticNet,False,USM_0050436,13.81,14.900538421371266
ABIDEI-USM,ElasticNet,False,USM_0050437,14.94,24.783464741960074
ABIDEI-USM,ElasticNet,False,USM_0050440,23.95,30.756810630139512
ABIDEI-USM,ElasticNet,False,USM_0050441,27.6,24.448979490542456
ABIDEI-USM,ElasticNet,False,USM_0050442,26.85,38.13067933945183
ABIDEI-USM,ElasticNet,False,USM_0050443,17.07,25.35639085707112
ABIDEI-USM,ElasticNet,False,USM_0050434,18.26,17.96045056757339
ABIDEI-USM,ElasticNet,False,USM_0050432,18.28,23.05383035039597
ABIDEI-USM,ElasticNet,False,USM_0050433,18.74,22.858072260635367
ABIDEI-USM,RandomForest,False,USM_0050460,14.41,12.522067796367267
ABIDEI-USM,RandomForest,False,USM_0050459,18.15,27.87044815115441
ABIDEI-USM,RandomForest,False,USM_0050458,26.15,24.928238572109095
ABIDEI-USM,RandomForest,False,USM_0050455,31.28,27.02975028922966
ABIDEI-USM,RandomForest,False,USM_0050456,16.1,20.373157724879924
ABIDEI-USM,RandomForest,False,USM_0050454,18.8,16.668775900089518
ABIDEI-USM,RandomForest,False,USM_0050462,24.65,24.289375894708996
ABIDEI-USM,RandomForest,False,USM_0050444,24.99,25.27101902705628
ABIDEI-USM,RandomForest,False,USM_0050457,34.05,22.84342318658348
ABIDEI-USM,RandomForest,False,USM_0050448,10.47,10.047549736258697
ABIDEI-USM,RandomForest,False,USM_0050467,19.76,25.58568972998112
ABIDEI-USM,RandomForest,False,USM_0050468,39.39,28.87088610214782
ABIDEI-USM,RandomForest,False,USM_0050471,25.02,19.419288123487625
ABIDEI-USM,RandomForest,False,USM_0050472,22.11,29.536264358393474
ABIDEI-USM,RandomForest,False,USM_0050473,22.44,21.12037364469155
ABIDEI-USM,RandomForest,False,USM_0050474,22.05,20.35263762380952
ABIDEI-USM,RandomForest,False,USM_0050449,18.22,17.200534561152573
ABIDEI-USM,RandomForest,False,USM_0050463,28.37,23.124620625396833
ABIDEI-USM,RandomForest,False,USM_0050451,12.53,12.143890994887073
ABIDEI-USM,RandomForest,False,USM_0050465,34.01,27.76866553805421
ABIDEI-USM,RandomForest,False,USM_0050464,9.95,9.887461952171392
ABIDEI-USM,RandomForest,False,USM_0050453,8.77,9.956474444958609
ABIDEI-USM,RandomForest,False,USM_0050445,18.14,16.33909948629532
ABIDEI-USM,RandomForest,False,USM_0050466,39.25,44.98384594054813
ABIDEI-USM,RandomForest,False,USM_0050452,29.97,19.163483713535452
ABIDEI-USM,RandomForest,False,USM_0050450,21.1,20.01273032028897
ABIDEI-USM,RandomForest,False,USM_0050439,22.6,19.82697351169551
ABIDEI-USM,RandomForest,False,USM_0050461,16.39,11.407370080638211
ABIDEI-USM,RandomForest,False,USM_0050438,15.03,11.535343397340615
ABIDEI-USM,RandomForest,False,USM_0050469,28.56,30.44288407584075
ABIDEI-USM,RandomForest,False,USM_0050447,12.94,11.922836564968442
ABIDEI-USM,RandomForest,False,USM_0050470,9.92,9.860467999625863
ABIDEI-USM,RandomForest,False,USM_0050446,27.32,24.898799320801544
ABIDEI-USM,RandomForest,False,USM_0050435,16.1,21.541256413938964
ABIDEI-USM,RandomForest,False,USM_0050436,13.81,11.593138169468858
ABIDEI-USM,RandomForest,False,USM_0050437,14.94,19.48591752681867
ABIDEI-USM,RandomForest,False,USM_0050440,23.95,25.90782883437951
ABIDEI-USM,RandomForest,False,USM_0050441,27.6,17.48061881606833
ABIDEI-USM,RandomForest,False,USM_0050442,26.85,28.51262039595961
ABIDEI-USM,RandomForest,False,USM_0050443,17.07,18.188582041075747
ABIDEI-USM,RandomForest,False,USM_0050434,18.26,15.79901783070942
ABIDEI-USM,RandomForest,False,USM_0050432,18.28,18.929590743297524
ABIDEI-USM,RandomForest,False,USM_0050433,18.74,17.275669948906778
ABIDEI-USM,XGBoost,False,USM_0050460,14.41,13.97116756439209
ABIDEI-USM,XGBoost,False,USM_0050459,18.15,28.098356246948242
ABIDEI-USM,XGBoost,False,USM_0050458,26.15,24.543855667114258
ABIDEI-USM,XGBoost,False,USM_0050455,31.28,26.993865966796875
ABIDEI-USM,XGBoost,False,USM_0050456,16.1,21.55213165283203
ABIDEI-USM,XGBoost,False,USM_0050454,18.8,16.485750198364258
ABIDEI-USM,XGBoost,False,USM_0050462,24.65,21.154966354370117
ABIDEI-USM,XGBoost,False,USM_0050444,24.99,24.19074058532715
ABIDEI-USM,XGBoost,False,USM_0050457,34.05,22.844079971313477
ABIDEI-USM,XGBoost,False,USM_0050448,10.47,9.989229202270508
ABIDEI-USM,XGBoost,False,USM_0050467,19.76,25.14557647705078
ABIDEI-USM,XGBoost,False,USM_0050468,39.39,30.304584503173828
ABIDEI-USM,XGBoost,False,USM_0050471,25.02,18.99656105041504
ABIDEI-USM,XGBoost,False,USM_0050472,22.11,29.985807418823242
ABIDEI-USM,XGBoost,False,USM_0050473,22.44,23.667417526245117
ABIDEI-USM,XGBoost,False,USM_0050474,22.05,20.646774291992188
ABIDEI-USM,XGBoost,False,USM_0050449,18.22,16.38430404663086
ABIDEI-USM,XGBoost,False,USM_0050463,28.37,24.06168556213379
ABIDEI-USM,XGBoost,False,USM_0050451,12.53,11.817389488220215
ABIDEI-USM,XGBoost,False,USM_0050465,34.01,27.61029624938965
ABIDEI-USM,XGBoost,False,USM_0050464,9.95,9.701997756958008
ABIDEI-USM,XGBoost,False,USM_0050453,8.77,9.79348087310791
ABIDEI-USM,XGBoost,False,USM_0050445,18.14,16.83035659790039
ABIDEI-USM,XGBoost,False,USM_0050466,39.25,43.42945861816406
ABIDEI-USM,XGBoost,False,USM_0050452,29.97,22.04639434814453
ABIDEI-USM,XGBoost,False,USM_0050450,21.1,21.28373908996582
ABIDEI-USM,XGBoost,False,USM_0050439,22.6,17.98923110961914
ABIDEI-USM,XGBoost,False,USM_0050461,16.39,11.365935325622559
ABIDEI-USM,XGBoost,False,USM_0050438,15.03,12.194794654846191
ABIDEI-USM,XGBoost,False,USM_0050469,28.56,31.740901947021484
ABIDEI-USM,XGBoost,False,USM_0050447,12.94,12.801474571228027
ABIDEI-USM,XGBoost,False,USM_0050470,9.92,9.88221549987793
ABIDEI-USM,XGBoost,False,USM_0050446,27.32,24.011011123657227
ABIDEI-USM,XGBoost,False,USM_0050435,16.1,22.514347076416016
ABIDEI-USM,XGBoost,False,USM_0050436,13.81,11.089592933654785
ABIDEI-USM,XGBoost,False,USM_0050437,14.94,20.814884185791016
ABIDEI-USM,XGBoost,False,USM_0050440,23.95,25.905168533325195
ABIDEI-USM,XGBoost,False,USM_0050441,27.6,19.178020477294922
ABIDEI-USM,XGBoost,False,USM_0050442,26.85,30.188114166259766
ABIDEI-USM,XGBoost,False,USM_0050443,17.07,18.161949157714844
ABIDEI-USM,XGBoost,False,USM_0050434,18.26,14.116720199584961
ABIDEI-USM,XGBoost,False,USM_0050432,18.28,19.803306579589844
ABIDEI-USM,XGBoost,False,USM_0050433,18.74,19.056884765625
ABIDEII-EMC_1,ElasticNet,False,sub-29905,8.27652,7.815423662322473
ABIDEII-EMC_1,ElasticNet,False,sub-29901,9.3744,1.5223291771063714
ABIDEII-EMC_1,ElasticNet,False,sub-29896,7.04723,1.2425083297907804
ABIDEII-EMC_1,ElasticNet,False,sub-29904,8.37509,6.439927945018326
ABIDEII-EMC_1,ElasticNet,False,sub-29895,9.93566,3.2707954919707163
ABIDEII-EMC_1,ElasticNet,False,sub-29899,7.55099,-6.718326794072823
ABIDEII-EMC_1,ElasticNet,False,sub-29900,7.12663,8.212862774756331
ABIDEII-EMC_1,ElasticNet,False,sub-29897,9.03491,14.842640824331625
ABIDEII-EMC_1,ElasticNet,False,sub-29903,9.22929,-4.062675380679707
ABIDEII-EMC_1,ElasticNet,False,sub-29907,6.68583,5.658986955707974
ABIDEII-EMC_1,ElasticNet,False,sub-29898,10.1191,5.652674540165322
ABIDEII-EMC_1,ElasticNet,False,sub-29906,8.54209,8.96577553467182
ABIDEII-EMC_1,ElasticNet,False,sub-29912,8.1013,5.880633033624122
ABIDEII-EMC_1,ElasticNet,False,sub-29893,8.89802,5.02921605237907
ABIDEII-EMC_1,ElasticNet,False,sub-29891,8.83778,-0.9363707657123541
ABIDEII-EMC_1,ElasticNet,False,sub-29908,8.39699,13.068216505570376
ABIDEII-EMC_1,ElasticNet,False,sub-29911,8.19165,6.219192706501872
ABIDEII-EMC_1,ElasticNet,False,sub-29910,7.32649,4.151025897401041
ABIDEII-EMC_1,ElasticNet,False,sub-29909,7.98905,4.948458582393641
ABIDEII-EMC_1,ElasticNet,False,sub-29913,8.15332,8.31493675625336
ABIDEII-EMC_1,ElasticNet,False,sub-29914,8.06297,9.621329973845718
ABIDEII-EMC_1,ElasticNet,False,sub-29915,6.32991,12.240150345353754
ABIDEII-EMC_1,ElasticNet,False,sub-29916,7.12936,4.152950881039487
ABIDEII-EMC_1,ElasticNet,False,sub-29892,8.85147,7.309352253301427
ABIDEII-EMC_1,ElasticNet,False,sub-29917,6.39562,10.168515035280052
ABIDEII-EMC_1,RandomForest,False,sub-29905,8.27652,10.79038958756976
ABIDEII-EMC_1,RandomForest,False,sub-29901,9.3744,9.990627974527646
ABIDEII-EMC_1,RandomForest,False,sub-29896,7.04723,9.988356906733616
ABIDEII-EMC_1,RandomForest,False,sub-29904,8.37509,9.890456204611686
ABIDEII-EMC_1,RandomForest,False,sub-29895,9.93566,10.28845291218735
ABIDEII-EMC_1,RandomForest,False,sub-29899,7.55099,8.87728701901284
ABIDEII-EMC_1,RandomForest,False,sub-29900,7.12663,10.21070964109434
ABIDEII-EMC_1,RandomForest,False,sub-29897,9.03491,13.348447807820445
ABIDEII-EMC_1,RandomForest,False,sub-29903,9.22929,9.341643646567206
ABIDEII-EMC_1,RandomForest,False,sub-29907,6.68583,9.868501984903004
ABIDEII-EMC_1,RandomForest,False,sub-29898,10.1191,10.199859804376214
ABIDEII-EMC_1,RandomForest,False,sub-29906,8.54209,9.929550179140847
ABIDEII-EMC_1,RandomForest,False,sub-29912,8.1013,8.928086433117835
ABIDEII-EMC_1,RandomForest,False,sub-29893,8.89802,9.94956322020748
ABIDEII-EMC_1,RandomForest,False,sub-29891,8.83778,9.418165965736087
ABIDEII-EMC_1,RandomForest,False,sub-29908,8.39699,12.776986734867597
ABIDEII-EMC_1,RandomForest,False,sub-29911,8.19165,9.909013905596305
ABIDEII-EMC_1,RandomForest,False,sub-29910,7.32649,9.425799677445857
ABIDEII-EMC_1,RandomForest,False,sub-29909,7.98905,9.336462497456331
ABIDEII-EMC_1,RandomForest,False,sub-29913,8.15332,10.703118897403096
ABIDEII-EMC_1,RandomForest,False,sub-29914,8.06297,10.444853799149246
ABIDEII-EMC_1,RandomForest,False,sub-29915,6.32991,10.99103405141621
ABIDEII-EMC_1,RandomForest,False,sub-29916,7.12936,8.68855846788169
ABIDEII-EMC_1,RandomForest,False,sub-29892,8.85147,9.369139142148539
ABIDEII-EMC_1,RandomForest,False,sub-29917,6.39562,10.43571118243106
ABIDEII-EMC_1,XGBoost,False,sub-29905,8.27652,10.586023330688477
ABIDEII-EMC_1,XGBoost,False,sub-29901,9.3744,9.767388343811035
ABIDEII-EMC_1,XGBoost,False,sub-29896,7.04723,9.642915725708008
ABIDEII-EMC_1,XGBoost,False,sub-29904,8.37509,9.89410400390625
ABIDEII-EMC_1,XGBoost,False,sub-29895,9.93566,10.946310997009277
ABIDEII-EMC_1,XGBoost,False,sub-29899,7.55099,9.093427658081055
ABIDEII-EMC_1,XGBoost,False,sub-29900,7.12663,10.233141899108887
ABIDEII-EMC_1,XGBoost,False,sub-29897,9.03491,12.930723190307617
ABIDEII-EMC_1,XGBoost,False,sub-29903,9.22929,9.362126350402832
ABIDEII-EMC_1,XGBoost,False,sub-29907,6.68583,10.27171802520752
ABIDEII-EMC_1,XGBoost,False,sub-29898,10.1191,10.2918062210083
ABIDEII-EMC_1,XGBoost,False,sub-29906,8.54209,10.135302543640137
ABIDEII-EMC_1,XGBoost,False,sub-29912,8.1013,9.223617553710938
ABIDEII-EMC_1,XGBoost,False,sub-29893,8.89802,9.838167190551758
ABIDEII-EMC_1,XGBoost,False,sub-29891,8.83778,9.487566947937012
ABIDEII-EMC_1,XGBoost,False,sub-29908,8.39699,13.232917785644531
ABIDEII-EMC_1,XGBoost,False,sub-29911,8.19165,10.255391120910645
ABIDEII-EMC_1,XGBoost,False,sub-29910,7.32649,9.210883140563965
ABIDEII-EMC_1,XGBoost,False,sub-29909,7.98905,9.435458183288574
ABIDEII-EMC_1,XGBoost,False,sub-29913,8.15332,10.41185188293457
ABIDEII-EMC_1,XGBoost,False,sub-29914,8.06297,9.886638641357422
ABIDEII-EMC_1,XGBoost,False,sub-29915,6.32991,10.689251899719238
ABIDEII-EMC_1,XGBoost,False,sub-29916,7.12936,9.00330638885498
ABIDEII-EMC_1,XGBoost,False,sub-29892,8.85147,9.38068675994873
ABIDEII-EMC_1,XGBoost,False,sub-29917,6.39562,9.702374458312988
ABIDEII-ETH_1,ElasticNet,False,sub-29093,20.1667,35.309502438359914
ABIDEII-ETH_1,ElasticNet,False,sub-29084,28.0833,40.47627417774572
ABIDEII-ETH_1,ElasticNet,False,sub-29091,26.4167,31.69453185645125
ABIDEII-ETH_1,ElasticNet,False,sub-29092,27.4167,32.78918173332147
ABIDEII-ETH_1,ElasticNet,False,sub-29086,27.75,45.33754508748871
ABIDEII-ETH_1,ElasticNet,False,sub-29085,25.6667,37.23547742404253
ABIDEII-ETH_1,ElasticNet,False,sub-29087,29.5,37.231610222631616
ABIDEII-ETH_1,ElasticNet,False,sub-29083,30.6667,38.76173980225735
ABIDEII-ETH_1,ElasticNet,False,sub-29094,19.25,22.893298658862705
ABIDEII-ETH_1,ElasticNet,False,sub-29088,27.8333,37.217876376613276
ABIDEII-ETH_1,ElasticNet,False,sub-29090,29.4167,35.22942967325332
ABIDEII-ETH_1,ElasticNet,False,sub-29089,29.0,39.08276737978565
ABIDEII-ETH_1,ElasticNet,False,sub-29082,22.25,30.705154270801017
ABIDEII-ETH_1,ElasticNet,False,sub-29077,23.1667,36.2965921113622
ABIDEII-ETH_1,ElasticNet,False,sub-29081,19.5833,26.604331810537133
ABIDEII-ETH_1,ElasticNet,False,sub-29076,24.0833,42.13740889860833
ABIDEII-ETH_1,ElasticNet,False,sub-29080,25.0833,37.76418153657676
ABIDEII-ETH_1,ElasticNet,False,sub-29079,22.6667,43.69645402375522
ABIDEII-ETH_1,ElasticNet,False,sub-29078,23.9167,44.21412751040134
ABIDEII-ETH_1,ElasticNet,False,sub-29075,21.6667,29.337410630166914
ABIDEII-ETH_1,ElasticNet,False,sub-29074,21.25,24.414639212319912
ABIDEII-ETH_1,ElasticNet,False,sub-29072,13.8333,20.07533937474227
ABIDEII-ETH_1,ElasticNet,False,sub-29071,18.0,22.58022710911405
ABIDEII-ETH_1,ElasticNet,False,sub-29073,16.5,18.931105221963094
ABIDEII-ETH_1,RandomForest,False,sub-29093,20.1667,31.06982348531151
ABIDEII-ETH_1,RandomForest,False,sub-29084,28.0833,37.559344419368486
ABIDEII-ETH_1,RandomForest,False,sub-29091,26.4167,32.52387042364157
ABIDEII-ETH_1,RandomForest,False,sub-29092,27.4167,29.043715383378615
ABIDEII-ETH_1,RandomForest,False,sub-29086,27.75,56.191834742970286
ABIDEII-ETH_1,RandomForest,False,sub-29085,25.6667,44.30712339947075
ABIDEII-ETH_1,RandomForest,False,sub-29087,29.5,36.12726368104411
ABIDEII-ETH_1,RandomForest,False,sub-29083,30.6667,40.49819636341481
ABIDEII-ETH_1,RandomForest,False,sub-29094,19.25,21.12149824465039
ABIDEII-ETH_1,RandomForest,False,sub-29088,27.8333,42.21646956276062
ABIDEII-ETH_1,RandomForest,False,sub-29090,29.4167,36.49092022158398
ABIDEII-ETH_1,RandomForest,False,sub-29089,29.0,45.13816835375083
ABIDEII-ETH_1,RandomForest,False,sub-29082,22.25,23.60431213057604
ABIDEII-ETH_1,RandomForest,False,sub-29077,23.1667,34.704819036421085
ABIDEII-ETH_1,RandomForest,False,sub-29081,19.5833,22.88617212492457
ABIDEII-ETH_1,RandomForest,False,sub-29076,24.0833,45.94133284095863
ABIDEII-ETH_1,RandomForest,False,sub-29080,25.0833,33.74081048076974
ABIDEII-ETH_1,RandomForest,False,sub-29079,22.6667,45.9908300656357
ABIDEII-ETH_1,RandomForest,False,sub-29078,23.9167,59.44484548615852
ABIDEII-ETH_1,RandomForest,False,sub-29075,21.6667,22.87611152644774
ABIDEII-ETH_1,RandomForest,False,sub-29074,21.25,21.77545268876573
ABIDEII-ETH_1,RandomForest,False,sub-29072,13.8333,13.134155525127344
ABIDEII-ETH_1,RandomForest,False,sub-29071,18.0,18.70827600893181
ABIDEII-ETH_1,RandomForest,False,sub-29073,16.5,16.175732631912823
ABIDEII-ETH_1,XGBoost,False,sub-29093,20.1667,33.717220306396484
ABIDEII-ETH_1,XGBoost,False,sub-29084,28.0833,35.960384368896484
ABIDEII-ETH_1,XGBoost,False,sub-29091,26.4167,31.29973602294922
ABIDEII-ETH_1,XGBoost,False,sub-29092,27.4167,26.541160583496094
ABIDEII-ETH_1,XGBoost,False,sub-29086,27.75,55.14289093017578
ABIDEII-ETH_1,XGBoost,False,sub-29085,25.6667,46.848915100097656
ABIDEII-ETH_1,XGBoost,False,sub-29087,29.5,38.56639862060547
ABIDEII-ETH_1,XGBoost,False,sub-29083,30.6667,37.51161193847656
ABIDEII-ETH_1,XGBoost,False,sub-29094,19.25,20.64546775817871
ABIDEII-ETH_1,XGBoost,False,sub-29088,27.8333,43.13887405395508
ABIDEII-ETH_1,XGBoost,False,sub-29090,29.4167,32.149234771728516
ABIDEII-ETH_1,XGBoost,False,sub-29089,29.0,44.65886306762695
ABIDEII-ETH_1,XGBoost,False,sub-29082,22.25,24.397552490234375
ABIDEII-ETH_1,XGBoost,False,sub-29077,23.1667,36.60247039794922
ABIDEII-ETH_1,XGBoost,False,sub-29081,19.5833,24.053443908691406
ABIDEII-ETH_1,XGBoost,False,sub-29076,24.0833,49.74141311645508
ABIDEII-ETH_1,XGBoost,False,sub-29080,25.0833,34.913246154785156
ABIDEII-ETH_1,XGBoost,False,sub-29079,22.6667,32.417659759521484
ABIDEII-ETH_1,XGBoost,False,sub-29078,23.9167,55.75725173950195
ABIDEII-ETH_1,XGBoost,False,sub-29075,21.6667,22.00511932373047
ABIDEII-ETH_1,XGBoost,False,sub-29074,21.25,21.967700958251953
ABIDEII-ETH_1,XGBoost,False,sub-29072,13.8333,13.552397727966309
ABIDEII-ETH_1,XGBoost,False,sub-29071,18.0,19.204545974731445
ABIDEII-ETH_1,XGBoost,False,sub-29073,16.5,16.26129913330078
ABIDEII-GU_1,ElasticNet,False,sub-28774,11.0192,9.142795926311464
ABIDEII-GU_1,ElasticNet,False,sub-28792,10.8712,4.43009458602387
ABIDEII-GU_1,ElasticNet,False,sub-28772,9.03288,9.256176894178566
ABIDEII-GU_1,ElasticNet,False,sub-28769,9.5589,18.276995402258194
ABIDEII-GU_1,ElasticNet,False,sub-28830,8.91233,6.641057408960137
ABIDEII-GU_1,ElasticNet,False,sub-28763,8.13973,14.748339119770094
ABIDEII-GU_1,ElasticNet,False,sub-28813,10.4274,9.323674820416613
ABIDEII-GU_1,ElasticNet,False,sub-28770,9.18904,8.612711653677138
ABIDEII-GU_1,ElasticNet,False,sub-28826,10.1123,8.242623135338135
ABIDEII-GU_1,ElasticNet,False,sub-28775,13.0137,21.45719066650463
ABIDEII-GU_1,ElasticNet,False,sub-28767,9.2137,-0.9582374393726241
ABIDEII-GU_1,ElasticNet,False,sub-28842,8.40822,6.363379190518003
ABIDEII-GU_1,ElasticNet,False,sub-28783,8.87397,9.834358755002654
ABIDEII-GU_1,ElasticNet,False,sub-28797,13.7973,12.030012857382303
ABIDEII-GU_1,ElasticNet,False,sub-28841,8.72329,8.620561781080369
ABIDEII-GU_1,ElasticNet,False,sub-28846,8.74,6.13697420952667
ABIDEII-GU_1,ElasticNet,False,sub-28845,8.39,7.400932949557614
ABIDEII-GU_1,ElasticNet,False,sub-28748,13.6521,16.44831491356456
ABIDEII-GU_1,ElasticNet,False,sub-28793,8.96986,-1.5778738670124994
ABIDEII-GU_1,ElasticNet,False,sub-28786,10.663,12.689520522407406
ABIDEII-GU_1,ElasticNet,False,sub-28785,12.5123,12.90118493872103
ABIDEII-GU_1,ElasticNet,False,sub-28747,11.7616,13.326890057769447
ABIDEII-GU_1,ElasticNet,False,sub-28766,11.9534,12.63857159280326
ABIDEII-GU_1,ElasticNet,False,sub-28762,12.7014,1.3842351120831609
ABIDEII-GU_1,ElasticNet,False,sub-28837,11.7589,13.511547293265835
ABIDEII-GU_1,ElasticNet,False,sub-28743,12.4384,10.514842304468402
ABIDEII-GU_1,ElasticNet,False,sub-28829,8.82192,4.548136731155978
ABIDEII-GU_1,ElasticNet,False,sub-28847,10.49,6.765173037810996
ABIDEII-GU_1,ElasticNet,False,sub-28798,10.2411,7.918245157856177
ABIDEII-GU_1,ElasticNet,False,sub-28827,8.99726,5.611131810057827
ABIDEII-GU_1,ElasticNet,False,sub-28803,8.50685,12.703106820120524
ABIDEII-GU_1,ElasticNet,False,sub-28804,8.06301,4.138714081071953
ABIDEII-GU_1,ElasticNet,False,sub-28806,11.7288,3.452120218243408
ABIDEII-GU_1,ElasticNet,False,sub-28812,8.85479,4.476052232300276
ABIDEII-GU_1,ElasticNet,False,sub-28836,8.37534,8.127764872342254
ABIDEII-GU_1,ElasticNet,False,sub-28801,9.27397,22.17021662730167
ABIDEII-GU_1,ElasticNet,False,sub-28745,12.2658,12.384189665560257
ABIDEII-GU_1,ElasticNet,False,sub-28814,8.32055,9.571199031410288
ABIDEII-GU_1,ElasticNet,False,sub-28744,9.88767,10.881523237525585
ABIDEII-GU_1,ElasticNet,False,sub-28759,9.39452,6.798636960058843
ABIDEII-GU_1,ElasticNet,False,sub-28828,10.9534,5.03779992187367
ABIDEII-GU_1,ElasticNet,False,sub-28742,12.7425,17.360361808390394
ABIDEII-GU_1,ElasticNet,False,sub-28749,13.2164,20.700271571203416
ABIDEII-GU_1,ElasticNet,False,sub-28751,10.5014,1.977493389560891
ABIDEII-GU_1,ElasticNet,False,sub-28750,13.3068,4.320901469912201
ABIDEII-GU_1,ElasticNet,False,sub-28755,10.4356,7.3184054134814005
ABIDEII-GU_1,ElasticNet,False,sub-28757,10.8055,14.176092617417794
ABIDEII-GU_1,ElasticNet,False,sub-28760,12.0685,13.854481027137808
ABIDEII-GU_1,ElasticNet,False,sub-28741,12.0055,10.752823915117006
ABIDEII-GU_1,ElasticNet,False,sub-28746,9.54521,8.27518694406524
ABIDEII-GU_1,ElasticNet,False,sub-28753,13.2493,21.852171851066828
ABIDEII-GU_1,RandomForest,False,sub-28774,11.0192,10.82017503190476
ABIDEII-GU_1,RandomForest,False,sub-28792,10.8712,9.464532308095238
ABIDEII-GU_1,RandomForest,False,sub-28772,9.03288,9.549178428571427
ABIDEII-GU_1,RandomForest,False,sub-28769,9.5589,11.727586733690472
ABIDEII-GU_1,RandomForest,False,sub-28830,8.91233,10.355630446904765
ABIDEII-GU_1,RandomForest,False,sub-28763,8.13973,10.156450975476194
ABIDEII-GU_1,RandomForest,False,sub-28813,10.4274,9.708260669285718
ABIDEII-GU_1,RandomForest,False,sub-28770,9.18904,9.636928504801588
ABIDEII-GU_1,RandomForest,False,sub-28826,10.1123,8.826662808650795
ABIDEII-GU_1,RandomForest,False,sub-28775,13.0137,16.195339476746028
ABIDEII-GU_1,RandomForest,False,sub-28767,9.2137,9.093678659047622
ABIDEII-GU_1,RandomForest,False,sub-28842,8.40822,9.500429704761904
ABIDEII-GU_1,RandomForest,False,sub-28783,8.87397,9.638348113571432
ABIDEII-GU_1,RandomForest,False,sub-28797,13.7973,11.25693976650793
ABIDEII-GU_1,RandomForest,False,sub-28841,8.72329,9.22523124654762
ABIDEII-GU_1,RandomForest,False,sub-28846,8.74,10.518807680595238
ABIDEII-GU_1,RandomForest,False,sub-28845,8.39,10.37662707190476
ABIDEII-GU_1,RandomForest,False,sub-28748,13.6521,12.540873155476197
ABIDEII-GU_1,RandomForest,False,sub-28793,8.96986,8.849829097619049
ABIDEII-GU_1,RandomForest,False,sub-28786,10.663,10.04231611515873
ABIDEII-GU_1,RandomForest,False,sub-28785,12.5123,11.841622628333333
ABIDEII-GU_1,RandomForest,False,sub-28747,11.7616,11.458475962380948
ABIDEII-GU_1,RandomForest,False,sub-28766,11.9534,11.182650404047623
ABIDEII-GU_1,RandomForest,False,sub-28762,12.7014,9.488074679523805
ABIDEII-GU_1,RandomForest,False,sub-28837,11.7589,10.903817827857145
ABIDEII-GU_1,RandomForest,False,sub-28743,12.4384,10.988922835555552
ABIDEII-GU_1,RandomForest,False,sub-28829,8.82192,9.470121606785717
ABIDEII-GU_1,RandomForest,False,sub-28847,10.49,9.32153700361111
ABIDEII-GU_1,RandomForest,False,sub-28798,10.2411,10.116843554285715
ABIDEII-GU_1,RandomForest,False,sub-28827,8.99726,9.531061070595236
ABIDEII-GU_1,RandomForest,False,sub-28803,8.50685,9.907139763968251
ABIDEII-GU_1,RandomForest,False,sub-28804,8.06301,10.144647088571423
ABIDEII-GU_1,RandomForest,False,sub-28806,11.7288,9.471720087261906
ABIDEII-GU_1,RandomForest,False,sub-28812,8.85479,9.775347434484122
ABIDEII-GU_1,RandomForest,False,sub-28836,8.37534,9.365430210476188
ABIDEII-GU_1,RandomForest,False,sub-28801,9.27397,12.80903065642857
ABIDEII-GU_1,RandomForest,False,sub-28745,12.2658,12.254740353174602
ABIDEII-GU_1,RandomForest,False,sub-28814,8.32055,10.220138963412696
ABIDEII-GU_1,RandomForest,False,sub-28744,9.88767,10.215177450952378
ABIDEII-GU_1,RandomForest,False,sub-28759,9.39452,9.538461481904763
ABIDEII-GU_1,RandomForest,False,sub-28828,10.9534,9.592478622380957
ABIDEII-GU_1,RandomForest,False,sub-28742,12.7425,10.776137035436511
ABIDEII-GU_1,RandomForest,False,sub-28749,13.2164,11.80416654595238
ABIDEII-GU_1,RandomForest,False,sub-28751,10.5014,9.18200527095238
ABIDEII-GU_1,RandomForest,False,sub-28750,13.3068,9.179880952499998
ABIDEII-GU_1,RandomForest,False,sub-28755,10.4356,8.598103398690474
ABIDEII-GU_1,RandomForest,False,sub-28757,10.8055,10.816798640238092
ABIDEII-GU_1,RandomForest,False,sub-28760,12.0685,11.356005993333335
ABIDEII-GU_1,RandomForest,False,sub-28741,12.0055,10.521144425476193
ABIDEII-GU_1,RandomForest,False,sub-28746,9.54521,10.08093344269841
ABIDEII-GU_1,RandomForest,False,sub-28753,13.2493,12.810689471428578
ABIDEII-GU_1,XGBoost,False,sub-28774,11.0192,10.909684181213379
ABIDEII-GU_1,XGBoost,False,sub-28792,10.8712,9.416921615600586
ABIDEII-GU_1,XGBoost,False,sub-28772,9.03288,9.406333923339844
ABIDEII-GU_1,XGBoost,False,sub-28769,9.5589,12.103171348571777
ABIDEII-GU_1,XGBoost,False,sub-28830,8.91233,10.370113372802734
ABIDEII-GU_1,XGBoost,False,sub-28763,8.13973,10.301438331604004
ABIDEII-GU_1,XGBoost,False,sub-28813,10.4274,9.670271873474121
ABIDEII-GU_1,XGBoost,False,sub-28770,9.18904,9.689605712890625
ABIDEII-GU_1,XGBoost,False,sub-28826,10.1123,8.852029800415039
ABIDEII-GU_1,XGBoost,False,sub-28775,13.0137,16.948265075683594
ABIDEII-GU_1,XGBoost,False,sub-28767,9.2137,9.369816780090332
ABIDEII-GU_1,XGBoost,False,sub-28842,8.40822,10.15933895111084
ABIDEII-GU_1,XGBoost,False,sub-28783,8.87397,9.576744079589844
ABIDEII-GU_1,XGBoost,False,sub-28797,13.7973,11.154644966125488
ABIDEII-GU_1,XGBoost,False,sub-28841,8.72329,9.644405364990234
ABIDEII-GU_1,XGBoost,False,sub-28846,8.74,10.266496658325195
ABIDEII-GU_1,XGBoost,False,sub-28845,8.39,10.326674461364746
ABIDEII-GU_1,XGBoost,False,sub-28748,13.6521,12.122575759887695
ABIDEII-GU_1,XGBoost,False,sub-28793,8.96986,9.068455696105957
ABIDEII-GU_1,XGBoost,False,sub-28786,10.663,10.164688110351562
ABIDEII-GU_1,XGBoost,False,sub-28785,12.5123,11.232734680175781
ABIDEII-GU_1,XGBoost,False,sub-28747,11.7616,11.573198318481445
ABIDEII-GU_1,XGBoost,False,sub-28766,11.9534,12.00982666015625
ABIDEII-GU_1,XGBoost,False,sub-28762,12.7014,9.482398986816406
ABIDEII-GU_1,XGBoost,False,sub-28837,11.7589,10.816575050354004
ABIDEII-GU_1,XGBoost,False,sub-28743,12.4384,11.158187866210938
ABIDEII-GU_1,XGBoost,False,sub-28829,8.82192,9.469172477722168
ABIDEII-GU_1,XGBoost,False,sub-28847,10.49,9.594864845275879
ABIDEII-GU_1,XGBoost,False,sub-28798,10.2411,9.838793754577637
ABIDEII-GU_1,XGBoost,False,sub-28827,8.99726,9.585488319396973
ABIDEII-GU_1,XGBoost,False,sub-28803,8.50685,9.504223823547363
ABIDEII-GU_1,XGBoost,False,sub-28804,8.06301,10.260666847229004
ABIDEII-GU_1,XGBoost,False,sub-28806,11.7288,9.317943572998047
ABIDEII-GU_1,XGBoost,False,sub-28812,8.85479,9.330584526062012
ABIDEII-GU_1,XGBoost,False,sub-28836,8.37534,9.244226455688477
ABIDEII-GU_1,XGBoost,False,sub-28801,9.27397,13.367701530456543
ABIDEII-GU_1,XGBoost,False,sub-28745,12.2658,10.642695426940918
ABIDEII-GU_1,XGBoost,False,sub-28814,8.32055,9.871405601501465
ABIDEII-GU_1,XGBoost,False,sub-28744,9.88767,10.293940544128418
ABIDEII-GU_1,XGBoost,False,sub-28759,9.39452,9.36953353881836
ABIDEII-GU_1,XGBoost,False,sub-28828,10.9534,9.955467224121094
ABIDEII-GU_1,XGBoost,False,sub-28742,12.7425,10.083993911743164
ABIDEII-GU_1,XGBoost,False,sub-28749,13.2164,12.209588050842285
ABIDEII-GU_1,XGBoost,False,sub-28751,10.5014,9.248320579528809
ABIDEII-GU_1,XGBoost,False,sub-28750,13.3068,9.402985572814941
ABIDEII-GU_1,XGBoost,False,sub-28755,10.4356,8.77108383178711
ABIDEII-GU_1,XGBoost,False,sub-28757,10.8055,10.549301147460938
ABIDEII-GU_1,XGBoost,False,sub-28760,12.0685,10.832558631896973
ABIDEII-GU_1,XGBoost,False,sub-28741,12.0055,11.004525184631348
ABIDEII-GU_1,XGBoost,False,sub-28746,9.54521,10.120429039001465
ABIDEII-GU_1,XGBoost,False,sub-28753,13.2493,15.146944046020508
ABIDEII-IP_1,ElasticNet,False,sub-29618,35.58,34.97028989661942
ABIDEII-IP_1,ElasticNet,False,sub-29631,46.6,30.87504782866688
ABIDEII-IP_1,ElasticNet,False,sub-29630,8.068,24.055011445708942
ABIDEII-IP_1,ElasticNet,False,sub-29625,41.62,44.50274266993665
ABIDEII-IP_1,ElasticNet,False,sub-29621,8.17,2.811298753433448
ABIDEII-IP_1,ElasticNet,False,sub-29622,9.161,13.75345386817321
ABIDEII-IP_1,ElasticNet,False,sub-29583,22.46,18.532370139010595
ABIDEII-IP_1,ElasticNet,False,sub-29600,46.43,33.44115197345741
ABIDEII-IP_1,ElasticNet,False,sub-29607,17.56,20.99249693076638
ABIDEII-IP_1,ElasticNet,False,sub-29604,19.85,29.18090683722494
ABIDEII-IP_1,ElasticNet,False,sub-29580,24.26,13.803890658011483
ABIDEII-IP_1,ElasticNet,False,sub-29616,10.87,36.53411218631459
ABIDEII-IP_1,ElasticNet,False,sub-29586,29.88,32.342130449540605
ABIDEII-IP_1,ElasticNet,False,sub-29608,22.52,31.90016060116693
ABIDEII-IP_1,ElasticNet,False,sub-29585,34.43,24.628829946188034
ABIDEII-IP_1,ElasticNet,False,sub-29620,11.67,11.679000199223424
ABIDEII-IP_1,ElasticNet,False,sub-29589,25.24,26.44336553720109
ABIDEII-IP_1,ElasticNet,False,sub-29597,23.14,30.972242588269864
ABIDEII-IP_1,ElasticNet,False,sub-29596,9.933,8.874399073968902
ABIDEII-IP_1,ElasticNet,False,sub-29635,42.0,32.10255793721501
ABIDEII-IP_1,ElasticNet,False,sub-29598,42.76,41.5273322491945
ABIDEII-IP_1,ElasticNet,False,sub-29605,21.79,25.177354479641167
ABIDEII-IP_1,ElasticNet,False,sub-29611,33.53,32.72241651094271
ABIDEII-IP_1,ElasticNet,False,sub-29632,10.6,20.198525758035544
ABIDEII-IP_1,ElasticNet,False,sub-29593,19.33,29.55536322547505
ABIDEII-IP_1,ElasticNet,False,sub-29590,19.06,27.95579956773372
ABIDEII-IP_1,ElasticNet,False,sub-29602,26.03,23.518162343403333
ABIDEII-IP_1,ElasticNet,False,sub-29581,29.85,35.889143926451084
ABIDEII-IP_1,ElasticNet,False,sub-29594,20.51,24.97675023422039
ABIDEII-IP_1,ElasticNet,False,sub-29582,27.66,25.807604415161904
ABIDEII-IP_1,ElasticNet,False,sub-29601,19.08,25.547994697664876
ABIDEII-IP_1,ElasticNet,False,sub-29614,9.897,9.15275775976852
ABIDEII-IP_1,RandomForest,False,sub-29618,35.58,33.745026043646156
ABIDEII-IP_1,RandomForest,False,sub-29631,46.6,23.125091276535468
ABIDEII-IP_1,RandomForest,False,sub-29630,8.068,17.00718073355486
ABIDEII-IP_1,RandomForest,False,sub-29625,41.62,54.151642728030815
ABIDEII-IP_1,RandomForest,False,sub-29621,8.17,9.60366889688087
ABIDEII-IP_1,RandomForest,False,sub-29622,9.161,10.75211351958334
ABIDEII-IP_1,RandomForest,False,sub-29583,22.46,14.546092453697954
ABIDEII-IP_1,RandomForest,False,sub-29600,46.43,26.83008119483481
ABIDEII-IP_1,RandomForest,False,sub-29607,17.56,19.993244255809806
ABIDEII-IP_1,RandomForest,False,sub-29604,19.85,18.752314719434576
ABIDEII-IP_1,RandomForest,False,sub-29580,24.26,15.608821489544317
ABIDEII-IP_1,RandomForest,False,sub-29616,10.87,24.42168459169166
ABIDEII-IP_1,RandomForest,False,sub-29586,29.88,24.018376375555412
ABIDEII-IP_1,RandomForest,False,sub-29608,22.52,28.268050295794236
ABIDEII-IP_1,RandomForest,False,sub-29585,34.43,23.52951644251595
ABIDEII-IP_1,RandomForest,False,sub-29620,11.67,10.759147928065897
ABIDEII-IP_1,RandomForest,False,sub-29589,25.24,21.271334698221803
ABIDEII-IP_1,RandomForest,False,sub-29597,23.14,24.403650445633556
ABIDEII-IP_1,RandomForest,False,sub-29596,9.933,8.632717829029646
ABIDEII-IP_1,RandomForest,False,sub-29635,42.0,29.17260286794058
ABIDEII-IP_1,RandomForest,False,sub-29598,42.76,48.65028851648118
ABIDEII-IP_1,RandomForest,False,sub-29605,21.79,16.530720182377145
ABIDEII-IP_1,RandomForest,False,sub-29611,33.53,23.96529218106373
ABIDEII-IP_1,RandomForest,False,sub-29632,10.6,12.667627719793932
ABIDEII-IP_1,RandomForest,False,sub-29593,19.33,22.667984683438995
ABIDEII-IP_1,RandomForest,False,sub-29590,19.06,22.504366015765118
ABIDEII-IP_1,RandomForest,False,sub-29602,26.03,20.030498977919372
ABIDEII-IP_1,RandomForest,False,sub-29581,29.85,33.668602963336795
ABIDEII-IP_1,RandomForest,False,sub-29594,20.51,20.688633308370626
ABIDEII-IP_1,RandomForest,False,sub-29582,27.66,19.30074169861978
ABIDEII-IP_1,RandomForest,False,sub-29601,19.08,20.32709202869314
ABIDEII-IP_1,RandomForest,False,sub-29614,9.897,10.633891843878473
ABIDEII-IP_1,XGBoost,False,sub-29618,35.58,36.2513542175293
ABIDEII-IP_1,XGBoost,False,sub-29631,46.6,23.70646858215332
ABIDEII-IP_1,XGBoost,False,sub-29630,8.068,15.945195198059082
ABIDEII-IP_1,XGBoost,False,sub-29625,41.62,54.61402893066406
ABIDEII-IP_1,XGBoost,False,sub-29621,8.17,9.427434921264648
ABIDEII-IP_1,XGBoost,False,sub-29622,9.161,10.835270881652832
ABIDEII-IP_1,XGBoost,False,sub-29583,22.46,15.268922805786133
ABIDEII-IP_1,XGBoost,False,sub-29600,46.43,24.500633239746094
ABIDEII-IP_1,XGBoost,False,sub-29607,17.56,19.597042083740234
ABIDEII-IP_1,XGBoost,False,sub-29604,19.85,19.627182006835938
ABIDEII-IP_1,XGBoost,False,sub-29580,24.26,13.999273300170898
ABIDEII-IP_1,XGBoost,False,sub-29616,10.87,26.08500862121582
ABIDEII-IP_1,XGBoost,False,sub-29586,29.88,23.64137077331543
ABIDEII-IP_1,XGBoost,False,sub-29608,22.52,28.612125396728516
ABIDEII-IP_1,XGBoost,False,sub-29585,34.43,23.85900115966797
ABIDEII-IP_1,XGBoost,False,sub-29620,11.67,10.53339958190918
ABIDEII-IP_1,XGBoost,False,sub-29589,25.24,21.131019592285156
ABIDEII-IP_1,XGBoost,False,sub-29597,23.14,25.960126876831055
ABIDEII-IP_1,XGBoost,False,sub-29596,9.933,10.012882232666016
ABIDEII-IP_1,XGBoost,False,sub-29635,42.0,27.96638298034668
ABIDEII-IP_1,XGBoost,False,sub-29598,42.76,52.22803497314453
ABIDEII-IP_1,XGBoost,False,sub-29605,21.79,16.574094772338867
ABIDEII-IP_1,XGBoost,False,sub-29611,33.53,24.225988388061523
ABIDEII-IP_1,XGBoost,False,sub-29632,10.6,12.417917251586914
ABIDEII-IP_1,XGBoost,False,sub-29593,19.33,23.802227020263672
ABIDEII-IP_1,XGBoost,False,sub-29590,19.06,22.086875915527344
ABIDEII-IP_1,XGBoost,False,sub-29602,26.03,19.535505294799805
ABIDEII-IP_1,XGBoost,False,sub-29581,29.85,36.69045639038086
ABIDEII-IP_1,XGBoost,False,sub-29594,20.51,21.303451538085938
ABIDEII-IP_1,XGBoost,False,sub-29582,27.66,19.56142807006836
ABIDEII-IP_1,XGBoost,False,sub-29601,19.08,19.723413467407227
ABIDEII-IP_1,XGBoost,False,sub-29614,9.897,10.479008674621582
ABIDEII-IU_1,ElasticNet,False,sub-29557,21.0,18.53444263979452
ABIDEII-IU_1,ElasticNet,False,sub-29552,22.0,28.93410538170508
ABIDEII-IU_1,ElasticNet,False,sub-29548,37.0,23.676243946440195
ABIDEII-IU_1,ElasticNet,False,sub-29546,23.0,30.431354063718118
ABIDEII-IU_1,ElasticNet,False,sub-29554,21.0,26.390260039258692
ABIDEII-IU_1,ElasticNet,False,sub-29551,22.0,24.685836441039783
ABIDEII-IU_1,ElasticNet,False,sub-29538,22.0,23.896366262278093
ABIDEII-IU_1,ElasticNet,False,sub-29550,31.0,25.729515733369112
ABIDEII-IU_1,ElasticNet,False,sub-29558,19.0,22.87793259363707
ABIDEII-IU_1,ElasticNet,False,sub-29563,25.0,33.689168138240575
ABIDEII-IU_1,ElasticNet,False,sub-29573,20.0,19.894774681675813
ABIDEII-IU_1,ElasticNet,False,sub-29571,26.0,21.631108283937806
ABIDEII-IU_1,ElasticNet,False,sub-29577,24.0,23.983152046974055
ABIDEII-IU_1,ElasticNet,False,sub-29567,34.0,29.159463360556856
ABIDEII-IU_1,ElasticNet,False,sub-29565,20.0,27.48272237543381
ABIDEII-IU_1,ElasticNet,False,sub-29564,20.0,26.66377831809973
ABIDEII-IU_1,ElasticNet,False,sub-29560,21.0,25.85721213616023
ABIDEII-IU_1,ElasticNet,False,sub-29556,22.0,21.34522800677405
ABIDEII-IU_1,ElasticNet,False,sub-29570,20.0,22.385580717455582
ABIDEII-IU_1,ElasticNet,False,sub-29574,25.0,22.34129277490581
ABIDEII-IU_1,RandomForest,False,sub-29557,21.0,14.890355294626348
ABIDEII-IU_1,RandomForest,False,sub-29552,22.0,19.058498001785075
ABIDEII-IU_1,RandomForest,False,sub-29548,37.0,17.779376932943336
ABIDEII-IU_1,RandomForest,False,sub-29546,23.0,24.502261730478597
ABIDEII-IU_1,RandomForest,False,sub-29554,21.0,20.334238910233037
ABIDEII-IU_1,RandomForest,False,sub-29551,22.0,16.38100237754333
ABIDEII-IU_1,RandomForest,False,sub-29538,22.0,19.2816108932716
ABIDEII-IU_1,RandomForest,False,sub-29550,31.0,16.6131226956076
ABIDEII-IU_1,RandomForest,False,sub-29558,19.0,14.319869684824996
ABIDEII-IU_1,RandomForest,False,sub-29563,25.0,25.36346440999587
ABIDEII-IU_1,RandomForest,False,sub-29573,20.0,14.537087150928802
ABIDEII-IU_1,RandomForest,False,sub-29571,26.0,14.362080990715816
ABIDEII-IU_1,RandomForest,False,sub-29577,24.0,20.282690870837495
ABIDEII-IU_1,RandomForest,False,sub-29567,34.0,26.02025226453681
ABIDEII-IU_1,RandomForest,False,sub-29565,20.0,20.256647787220587
ABIDEII-IU_1,RandomForest,False,sub-29564,20.0,22.35651357270583
ABIDEII-IU_1,RandomForest,False,sub-29560,21.0,16.155833767977303
ABIDEII-IU_1,RandomForest,False,sub-29556,22.0,18.897538804222762
ABIDEII-IU_1,RandomForest,False,sub-29570,20.0,18.519388533008506
ABIDEII-IU_1,RandomForest,False,sub-29574,25.0,17.720827385455706
ABIDEII-IU_1,XGBoost,False,sub-29557,21.0,14.993815422058105
ABIDEII-IU_1,XGBoost,False,sub-29552,22.0,18.072933197021484
ABIDEII-IU_1,XGBoost,False,sub-29548,37.0,17.62583351135254
ABIDEII-IU_1,XGBoost,False,sub-29546,23.0,24.216646194458008
ABIDEII-IU_1,XGBoost,False,sub-29554,21.0,21.813690185546875
ABIDEII-IU_1,XGBoost,False,sub-29551,22.0,16.127164840698242
ABIDEII-IU_1,XGBoost,False,sub-29538,22.0,19.395526885986328
ABIDEII-IU_1,XGBoost,False,sub-29550,31.0,15.397870063781738
ABIDEII-IU_1,XGBoost,False,sub-29558,19.0,13.390073776245117
ABIDEII-IU_1,XGBoost,False,sub-29563,25.0,26.32229995727539
ABIDEII-IU_1,XGBoost,False,sub-29573,20.0,14.190896034240723
ABIDEII-IU_1,XGBoost,False,sub-29571,26.0,14.346445083618164
ABIDEII-IU_1,XGBoost,False,sub-29577,24.0,20.67765998840332
ABIDEII-IU_1,XGBoost,False,sub-29567,34.0,24.400060653686523
ABIDEII-IU_1,XGBoost,False,sub-29565,20.0,19.533275604248047
ABIDEII-IU_1,XGBoost,False,sub-29564,20.0,22.990337371826172
ABIDEII-IU_1,XGBoost,False,sub-29560,21.0,15.083629608154297
ABIDEII-IU_1,XGBoost,False,sub-29556,22.0,20.313671112060547
ABIDEII-IU_1,XGBoost,False,sub-29570,20.0,18.51047134399414
ABIDEII-IU_1,XGBoost,False,sub-29574,25.0,19.652908325195312
ABIDEII-KKI_32ch,ElasticNet,False,sub-29443,9.6137,-4.902077296184075
ABIDEII-KKI_32ch,ElasticNet,False,sub-29402,8.47123,6.899889526459219
ABIDEII-KKI_32ch,ElasticNet,False,sub-29421,11.7644,16.123539586195875
ABIDEII-KKI_32ch,ElasticNet,False,sub-29425,12.6575,8.312699705328214
ABIDEII-KKI_32ch,ElasticNet,False,sub-29448,9.13699,1.5360903282271465
ABIDEII-KKI_32ch,ElasticNet,False,sub-29447,9.56438,12.701742079335304
ABIDEII-KKI_32ch,ElasticNet,False,sub-29444,10.0137,14.490886493888752
ABIDEII-KKI_32ch,ElasticNet,False,sub-29365,12.3699,13.189050534345142
ABIDEII-KKI_32ch,ElasticNet,False,sub-29451,10.2685,3.6865754636216934
ABIDEII-KKI_32ch,ElasticNet,False,sub-29366,9.81918,14.414215687501724
ABIDEII-KKI_32ch,ElasticNet,False,sub-29461,11.2849,14.692995061616557
ABIDEII-KKI_32ch,ElasticNet,False,sub-29418,8.82192,16.334350857232835
ABIDEII-KKI_32ch,ElasticNet,False,sub-29419,9.80822,12.831841377748901
ABIDEII-KKI_32ch,ElasticNet,False,sub-29457,9.63288,11.088973236130414
ABIDEII-KKI_32ch,ElasticNet,False,sub-29454,10.3726,4.943420076652274
ABIDEII-KKI_32ch,ElasticNet,False,sub-29423,11.074,16.044969979145776
ABIDEII-KKI_32ch,ElasticNet,False,sub-29405,10.1973,10.042804658187492
ABIDEII-KKI_32ch,ElasticNet,False,sub-29407,9.23288,11.624044929397769
ABIDEII-KKI_32ch,ElasticNet,False,sub-29414,11.2164,7.976636354678135
ABIDEII-KKI_32ch,ElasticNet,False,sub-29429,11.1699,7.6304704540687
ABIDEII-KKI_32ch,ElasticNet,False,sub-29452,9.86027,14.242864871115785
ABIDEII-KKI_32ch,ElasticNet,False,sub-29459,10.3726,21.5272334729799
ABIDEII-KKI_32ch,ElasticNet,False,sub-29453,10.0548,10.396376780434025
ABIDEII-KKI_32ch,ElasticNet,False,sub-29480,12.6055,22.47078737649781
ABIDEII-KKI_32ch,ElasticNet,False,sub-29473,8.89863,4.77915121343392
ABIDEII-KKI_32ch,ElasticNet,False,sub-29483,9.63288,2.9683717042149738
ABIDEII-KKI_32ch,ElasticNet,False,sub-29455,11.5288,8.541885792473408
ABIDEII-KKI_32ch,ElasticNet,False,sub-29478,10.5863,16.767993549410676
ABIDEII-KKI_32ch,ElasticNet,False,sub-29460,9.15616,8.93800249832259
ABIDEII-KKI_32ch,ElasticNet,False,sub-29470,9.20822,0.4155083474283856
ABIDEII-KKI_32ch,ElasticNet,False,sub-29465,11.2301,3.4583755060157273
ABIDEII-KKI_32ch,ElasticNet,False,sub-29485,8.84658,6.3054518896658465
ABIDEII-KKI_32ch,ElasticNet,False,sub-29476,11.6575,4.961377413638161
ABIDEII-KKI_32ch,ElasticNet,False,sub-29428,8.6411,6.789862083403364
ABIDEII-KKI_32ch,ElasticNet,False,sub-29475,10.6959,11.382896381968067
ABIDEII-KKI_32ch,ElasticNet,False,sub-29464,12.4274,18.008421781527204
ABIDEII-KKI_32ch,ElasticNet,False,sub-29467,11.8219,16.693261774513985
ABIDEII-KKI_32ch,ElasticNet,False,sub-29471,10.6301,9.901930988210893
ABIDEII-KKI_32ch,ElasticNet,False,sub-29462,9.57534,12.180508496926677
ABIDEII-KKI_32ch,ElasticNet,False,sub-29463,11.0493,5.394627463162692
ABIDEII-KKI_32ch,ElasticNet,False,sub-29474,12.6603,7.916521084453734
ABIDEII-KKI_32ch,ElasticNet,False,sub-29466,9.43014,17.73758675063027
ABIDEII-KKI_32ch,ElasticNet,False,sub-29431,12.6658,8.999257048931781
ABIDEII-KKI_32ch,ElasticNet,False,sub-29469,8.06027,5.037075078437056
ABIDEII-KKI_32ch,ElasticNet,False,sub-29427,11.0247,8.92176496094612
ABIDEII-KKI_32ch,RandomForest,False,sub-29443,9.6137,8.055554145579
ABIDEII-KKI_32ch,RandomForest,False,sub-29402,8.47123,8.440850321886558
ABIDEII-KKI_32ch,RandomForest,False,sub-29421,11.7644,11.352872427432985
ABIDEII-KKI_32ch,RandomForest,False,sub-29425,12.6575,9.561159440796198
ABIDEII-KKI_32ch,RandomForest,False,sub-29448,9.13699,9.156511423189537
ABIDEII-KKI_32ch,RandomForest,False,sub-29447,9.56438,11.389382410382531
ABIDEII-KKI_32ch,RandomForest,False,sub-29444,10.0137,10.15993880516104
ABIDEII-KKI_32ch,RandomForest,False,sub-29365,12.3699,12.263419859903111
ABIDEII-KKI_32ch,RandomForest,False,sub-29451,10.2685,8.551403140020973
ABIDEII-KKI_32ch,RandomForest,False,sub-29366,9.81918,11.131319802010706
ABIDEII-KKI_32ch,RandomForest,False,sub-29461,11.2849,11.84049584857652
ABIDEII-KKI_32ch,RandomForest,False,sub-29418,8.82192,11.718309893714444
ABIDEII-KKI_32ch,RandomForest,False,sub-29419,9.80822,11.036383731426918
ABIDEII-KKI_32ch,RandomForest,False,sub-29457,9.63288,9.977789526411629
ABIDEII-KKI_32ch,RandomForest,False,sub-29454,10.3726,8.08329725310791
ABIDEII-KKI_32ch,RandomForest,False,sub-29423,11.074,13.06981201482632
ABIDEII-KKI_32ch,RandomForest,False,sub-29405,10.1973,9.536912940526879
ABIDEII-KKI_32ch,RandomForest,False,sub-29407,9.23288,10.803904927639618
ABIDEII-KKI_32ch,RandomForest,False,sub-29414,11.2164,9.731413119461028
ABIDEII-KKI_32ch,RandomForest,False,sub-29429,11.1699,9.501621456680121
ABIDEII-KKI_32ch,RandomForest,False,sub-29452,9.86027,11.341640574452585
ABIDEII-KKI_32ch,RandomForest,False,sub-29459,10.3726,14.152172315990974
ABIDEII-KKI_32ch,RandomForest,False,sub-29453,10.0548,9.07159442649893
ABIDEII-KKI_32ch,RandomForest,False,sub-29480,12.6055,15.595486014322253
ABIDEII-KKI_32ch,RandomForest,False,sub-29473,8.89863,9.007399429271096
ABIDEII-KKI_32ch,RandomForest,False,sub-29483,9.63288,9.328224525384826
ABIDEII-KKI_32ch,RandomForest,False,sub-29455,11.5288,10.052933216621646
ABIDEII-KKI_32ch,RandomForest,False,sub-29478,10.5863,15.8263126100375
ABIDEII-KKI_32ch,RandomForest,False,sub-29460,9.15616,10.89698789624731
ABIDEII-KKI_32ch,RandomForest,False,sub-29470,9.20822,9.244547125188232
ABIDEII-KKI_32ch,RandomForest,False,sub-29465,11.2301,9.745992777652283
ABIDEII-KKI_32ch,RandomForest,False,sub-29485,8.84658,8.055876387466265
ABIDEII-KKI_32ch,RandomForest,False,sub-29476,11.6575,9.656861263067618
ABIDEII-KKI_32ch,RandomForest,False,sub-29428,8.6411,10.419342564217413
ABIDEII-KKI_32ch,RandomForest,False,sub-29475,10.6959,10.669855641862396
ABIDEII-KKI_32ch,RandomForest,False,sub-29464,12.4274,13.285299226599648
ABIDEII-KKI_32ch,RandomForest,False,sub-29467,11.8219,12.90581001567173
ABIDEII-KKI_32ch,RandomForest,False,sub-29471,10.6301,10.655437364670258
ABIDEII-KKI_32ch,RandomForest,False,sub-29462,9.57534,8.960724297277674
ABIDEII-KKI_32ch,RandomForest,False,sub-29463,11.0493,9.618843645076623
ABIDEII-KKI_32ch,RandomForest,False,sub-29474,12.6603,10.775979526555858
ABIDEII-KKI_32ch,RandomForest,False,sub-29466,9.43014,12.006335696012226
ABIDEII-KKI_32ch,RandomForest,False,sub-29431,12.6658,9.218560288756258
ABIDEII-KKI_32ch,RandomForest,False,sub-29469,8.06027,9.305283833283877
ABIDEII-KKI_32ch,RandomForest,False,sub-29427,11.0247,10.498447020966125
ABIDEII-KKI_32ch,XGBoost,False,sub-29443,9.6137,7.952297687530518
ABIDEII-KKI_32ch,XGBoost,False,sub-29402,8.47123,8.854395866394043
ABIDEII-KKI_32ch,XGBoost,False,sub-29421,11.7644,12.088443756103516
ABIDEII-KKI_32ch,XGBoost,False,sub-29425,12.6575,10.521371841430664
ABIDEII-KKI_32ch,XGBoost,False,sub-29448,9.13699,9.063755989074707
ABIDEII-KKI_32ch,XGBoost,False,sub-29447,9.56438,9.869940757751465
ABIDEII-KKI_32ch,XGBoost,False,sub-29444,10.0137,10.418296813964844
ABIDEII-KKI_32ch,XGBoost,False,sub-29365,12.3699,12.309886932373047
ABIDEII-KKI_32ch,XGBoost,False,sub-29451,10.2685,8.81896686553955
ABIDEII-KKI_32ch,XGBoost,False,sub-29366,9.81918,11.06959342956543
ABIDEII-KKI_32ch,XGBoost,False,sub-29461,11.2849,12.301640510559082
ABIDEII-KKI_32ch,XGBoost,False,sub-29418,8.82192,11.11117935180664
ABIDEII-KKI_32ch,XGBoost,False,sub-29419,9.80822,11.44160270690918
ABIDEII-KKI_32ch,XGBoost,False,sub-29457,9.63288,9.893166542053223
ABIDEII-KKI_32ch,XGBoost,False,sub-29454,10.3726,8.534038543701172
ABIDEII-KKI_32ch,XGBoost,False,sub-29423,11.074,13.909340858459473
ABIDEII-KKI_32ch,XGBoost,False,sub-29405,10.1973,9.993741035461426
ABIDEII-KKI_32ch,XGBoost,False,sub-29407,9.23288,10.62889575958252
ABIDEII-KKI_32ch,XGBoost,False,sub-29414,11.2164,9.386781692504883
ABIDEII-KKI_32ch,XGBoost,False,sub-29429,11.1699,10.28024673461914
ABIDEII-KKI_32ch,XGBoost,False,sub-29452,9.86027,10.043488502502441
ABIDEII-KKI_32ch,XGBoost,False,sub-29459,10.3726,15.378872871398926
ABIDEII-KKI_32ch,XGBoost,False,sub-29453,10.0548,9.096786499023438
ABIDEII-KKI_32ch,XGBoost,False,sub-29480,12.6055,14.536200523376465
ABIDEII-KKI_32ch,XGBoost,False,sub-29473,8.89863,9.812260627746582
ABIDEII-KKI_32ch,XGBoost,False,sub-29483,9.63288,9.801046371459961
ABIDEII-KKI_32ch,XGBoost,False,sub-29455,11.5288,9.860075950622559
ABIDEII-KKI_32ch,XGBoost,False,sub-29478,10.5863,14.094327926635742
ABIDEII-KKI_32ch,XGBoost,False,sub-29460,9.15616,10.65401840209961
ABIDEII-KKI_32ch,XGBoost,False,sub-29470,9.20822,9.478672981262207
ABIDEII-KKI_32ch,XGBoost,False,sub-29465,11.2301,9.864530563354492
ABIDEII-KKI_32ch,XGBoost,False,sub-29485,8.84658,8.249576568603516
ABIDEII-KKI_32ch,XGBoost,False,sub-29476,11.6575,9.553892135620117
ABIDEII-KKI_32ch,XGBoost,False,sub-29428,8.6411,10.495750427246094
ABIDEII-KKI_32ch,XGBoost,False,sub-29475,10.6959,10.680862426757812
ABIDEII-KKI_32ch,XGBoost,False,sub-29464,12.4274,13.593362808227539
ABIDEII-KKI_32ch,XGBoost,False,sub-29467,11.8219,13.815849304199219
ABIDEII-KKI_32ch,XGBoost,False,sub-29471,10.6301,10.735738754272461
ABIDEII-KKI_32ch,XGBoost,False,sub-29462,9.57534,9.658759117126465
ABIDEII-KKI_32ch,XGBoost,False,sub-29463,11.0493,10.112794876098633
ABIDEII-KKI_32ch,XGBoost,False,sub-29474,12.6603,10.350797653198242
ABIDEII-KKI_32ch,XGBoost,False,sub-29466,9.43014,11.450366973876953
ABIDEII-KKI_32ch,XGBoost,False,sub-29431,12.6658,9.734930992126465
ABIDEII-KKI_32ch,XGBoost,False,sub-29469,8.06027,9.917139053344727
ABIDEII-KKI_32ch,XGBoost,False,sub-29427,11.0247,9.423242568969727
ABIDEII-KKI_8ch,ElasticNet,False,sub-29432,10.7808,7.3065125134328355
ABIDEII-KKI_8ch,ElasticNet,False,sub-29388,10.5973,6.8226710819843674
ABIDEII-KKI_8ch,ElasticNet,False,sub-29390,8.17808,1.4885878730131026
ABIDEII-KKI_8ch,ElasticNet,False,sub-29396,11.2986,14.588793124942868
ABIDEII-KKI_8ch,ElasticNet,False,sub-29397,9.43562,-5.191283452068433
ABIDEII-KKI_8ch,ElasticNet,False,sub-29399,10.6767,6.456918073638576
ABIDEII-KKI_8ch,ElasticNet,False,sub-29424,8.85479,4.164629937995414
ABIDEII-KKI_8ch,ElasticNet,False,sub-29420,9.74247,9.595723333850401
ABIDEII-KKI_8ch,ElasticNet,False,sub-29387,8.59452,5.786334372054284
ABIDEII-KKI_8ch,ElasticNet,False,sub-29436,11.1589,14.821584605122666
ABIDEII-KKI_8ch,ElasticNet,False,sub-29422,10.4137,10.930390232149193
ABIDEII-KKI_8ch,ElasticNet,False,sub-29334,8.11507,12.196951435874666
ABIDEII-KKI_8ch,ElasticNet,False,sub-29382,10.0192,13.526318784640466
ABIDEII-KKI_8ch,ElasticNet,False,sub-29345,11.0274,7.795975379485526
ABIDEII-KKI_8ch,ElasticNet,False,sub-29343,8.92055,8.67737946702357
ABIDEII-KKI_8ch,ElasticNet,False,sub-29342,9.74521,10.92340532497451
ABIDEII-KKI_8ch,ElasticNet,False,sub-29341,10.2959,9.394587878862353
ABIDEII-KKI_8ch,ElasticNet,False,sub-29359,11.4466,2.1985960289364357
ABIDEII-KKI_8ch,ElasticNet,False,sub-29337,12.3616,9.262654307327125
ABIDEII-KKI_8ch,ElasticNet,False,sub-29336,11.1479,15.510906379926155
ABIDEII-KKI_8ch,ElasticNet,False,sub-29335,9.6411,7.244477410926947
ABIDEII-KKI_8ch,ElasticNet,False,sub-29386,8.06849,8.020569847525849
ABIDEII-KKI_8ch,ElasticNet,False,sub-29333,10.8055,15.75235841071924
ABIDEII-KKI_8ch,ElasticNet,False,sub-29332,9.11781,3.8681753394635052
ABIDEII-KKI_8ch,ElasticNet,False,sub-29329,11.7288,15.14565338329055
ABIDEII-KKI_8ch,ElasticNet,False,sub-29371,9.93699,15.538320431853435
ABIDEII-KKI_8ch,ElasticNet,False,sub-29324,9.02192,7.706174410301969
ABIDEII-KKI_8ch,ElasticNet,False,sub-29318,8.98356,16.31074119556979
ABIDEII-KKI_8ch,ElasticNet,False,sub-29349,10.6301,10.524221809024425
ABIDEII-KKI_8ch,ElasticNet,False,sub-29348,12.3534,10.970589023070715
ABIDEII-KKI_8ch,ElasticNet,False,sub-29347,9.37534,10.539462320740427
ABIDEII-KKI_8ch,ElasticNet,False,sub-29316,10.0904,7.253173498147703
ABIDEII-KKI_8ch,ElasticNet,False,sub-29321,12.874,14.601972446971217
ABIDEII-KKI_8ch,ElasticNet,False,sub-29319,9.61918,9.713509058450427
ABIDEII-KKI_8ch,ElasticNet,False,sub-29320,9.47123,16.139279185967666
ABIDEII-KKI_8ch,ElasticNet,False,sub-29322,9.39178,6.909000773543198
ABIDEII-KKI_8ch,ElasticNet,False,sub-29323,11.0904,12.387113846079615
ABIDEII-KKI_8ch,ElasticNet,False,sub-29379,12.1644,6.784493640929782
ABIDEII-KKI_8ch,ElasticNet,False,sub-29350,11.2438,0.8132824165370494
ABIDEII-KKI_8ch,ElasticNet,False,sub-29368,12.1644,10.9811160391979
ABIDEII-KKI_8ch,ElasticNet,False,sub-29378,11.9507,20.63072691435957
ABIDEII-KKI_8ch,ElasticNet,False,sub-29374,11.0247,13.873739698884606
ABIDEII-KKI_8ch,ElasticNet,False,sub-29373,9.65205,7.170381094530853
ABIDEII-KKI_8ch,ElasticNet,False,sub-29361,9.30959,18.04131297512174
ABIDEII-KKI_8ch,ElasticNet,False,sub-29370,12.3041,17.22864731540585
ABIDEII-KKI_8ch,ElasticNet,False,sub-29369,9.30137,12.44435285686211
ABIDEII-KKI_8ch,ElasticNet,False,sub-29326,12.8986,15.018872545835734
ABIDEII-KKI_8ch,ElasticNet,False,sub-29367,8.94247,1.208432716896482
ABIDEII-KKI_8ch,ElasticNet,False,sub-29383,10.5425,7.2250509884804615
ABIDEII-KKI_8ch,ElasticNet,False,sub-29364,8.8274,20.60086133090249
ABIDEII-KKI_8ch,ElasticNet,False,sub-29362,10.4438,10.430088001115905
ABIDEII-KKI_8ch,ElasticNet,False,sub-29340,8.33151,1.5167661201238616
ABIDEII-KKI_8ch,ElasticNet,False,sub-29363,11.4438,20.990339289393205
ABIDEII-KKI_8ch,ElasticNet,False,sub-29328,10.0877,4.087988170438848
ABIDEII-KKI_8ch,ElasticNet,False,sub-29317,10.0877,4.605539544354201
ABIDEII-KKI_8ch,ElasticNet,False,sub-29356,11.7288,9.035894805124258
ABIDEII-KKI_8ch,ElasticNet,False,sub-29311,9.75068,20.1958334391295
ABIDEII-KKI_8ch,ElasticNet,False,sub-29352,9.40548,20.76285514511858
ABIDEII-KKI_8ch,ElasticNet,False,sub-29351,9.73425,6.269410130200981
ABIDEII-KKI_8ch,ElasticNet,False,sub-29437,10.1562,12.745061549426055
ABIDEII-KKI_8ch,ElasticNet,False,sub-29358,10.4,12.273016290582746
ABIDEII-KKI_8ch,ElasticNet,False,sub-29314,10.1233,6.868844349109509
ABIDEII-KKI_8ch,ElasticNet,False,sub-29440,11.337,14.995958377449483
ABIDEII-KKI_8ch,ElasticNet,False,sub-29300,9.73425,11.756643754320521
ABIDEII-KKI_8ch,ElasticNet,False,sub-29299,11.0274,14.326058140433133
ABIDEII-KKI_8ch,ElasticNet,False,sub-29439,8.78356,11.825321272089127
ABIDEII-KKI_8ch,ElasticNet,False,sub-29354,9.29589,3.2649866875237876
ABIDEII-KKI_8ch,ElasticNet,False,sub-29315,10.9671,19.260093009286834
ABIDEII-KKI_8ch,ElasticNet,False,sub-29395,9.26849,6.092290622293717
ABIDEII-KKI_8ch,ElasticNet,False,sub-29384,10.3041,5.6259381020381625
ABIDEII-KKI_8ch,ElasticNet,False,sub-29381,10.3534,6.122456349514437
ABIDEII-KKI_8ch,ElasticNet,False,sub-29380,10.6082,1.6611639577179176
ABIDEII-KKI_8ch,ElasticNet,False,sub-29294,11.7671,12.091645115352208
ABIDEII-KKI_8ch,ElasticNet,False,sub-29296,10.4438,12.223033591111403
ABIDEII-KKI_8ch,ElasticNet,False,sub-29297,9.66575,18.056660625900918
ABIDEII-KKI_8ch,ElasticNet,False,sub-29301,10.7808,7.165917605539448
ABIDEII-KKI_8ch,ElasticNet,False,sub-29309,9.05753,18.27127970127833
ABIDEII-KKI_8ch,ElasticNet,False,sub-29445,9.68493,12.568061730154568
ABIDEII-KKI_8ch,ElasticNet,False,sub-29450,11.0411,5.451062250034511
ABIDEII-KKI_8ch,ElasticNet,False,sub-29313,8.61918,14.433359724655702
ABIDEII-KKI_8ch,ElasticNet,False,sub-29438,11.0164,15.66140267179037
ABIDEII-KKI_8ch,ElasticNet,False,sub-29325,10.6877,4.960451928683142
ABIDEII-KKI_8ch,ElasticNet,False,sub-29327,11.0959,12.095171943051696
ABIDEII-KKI_8ch,ElasticNet,False,sub-29330,11.6603,13.321914367294198
ABIDEII-KKI_8ch,ElasticNet,False,sub-29331,10.7288,14.12188273843924
ABIDEII-KKI_8ch,ElasticNet,False,sub-29338,10.8247,9.907795018088223
ABIDEII-KKI_8ch,ElasticNet,False,sub-29353,9.81918,9.069383854233934
ABIDEII-KKI_8ch,ElasticNet,False,sub-29346,12.6603,12.815564022005788
ABIDEII-KKI_8ch,ElasticNet,False,sub-29357,12.7644,10.642364646976375
ABIDEII-KKI_8ch,ElasticNet,False,sub-29355,11.8521,10.373143928158697
ABIDEII-KKI_8ch,ElasticNet,False,sub-29302,11.6685,12.905472480292588
ABIDEII-KKI_8ch,ElasticNet,False,sub-29303,8.55616,11.114395364893198
ABIDEII-KKI_8ch,ElasticNet,False,sub-29298,10.5507,12.730692100307465
ABIDEII-KKI_8ch,ElasticNet,False,sub-29305,9.57808,14.711599699571025
ABIDEII-KKI_8ch,ElasticNet,False,sub-29339,8.90685,12.365092303750885
ABIDEII-KKI_8ch,ElasticNet,False,sub-29307,9.12055,9.173697306641088
ABIDEII-KKI_8ch,ElasticNet,False,sub-29306,9.62192,5.017880754886278
ABIDEII-KKI_8ch,ElasticNet,False,sub-29377,10.2904,9.408446937009671
ABIDEII-KKI_8ch,ElasticNet,False,sub-29304,10.6027,9.414120552612417
ABIDEII-KKI_8ch,ElasticNet,False,sub-29468,10.7973,14.963400845104957
ABIDEII-KKI_8ch,ElasticNet,False,sub-29446,9.16712,20.38345803304378
ABIDEII-KKI_8ch,ElasticNet,False,sub-29472,10.1096,10.170304072057093
ABIDEII-KKI_8ch,ElasticNet,False,sub-29441,9.28219,15.163126399670205
ABIDEII-KKI_8ch,ElasticNet,False,sub-29312,9.78904,12.172179239160073
ABIDEII-KKI_8ch,ElasticNet,False,sub-29310,8.02466,-4.356561880879212
ABIDEII-KKI_8ch,ElasticNet,False,sub-29308,11.8438,9.89979096472689
ABIDEII-KKI_8ch,ElasticNet,False,sub-29442,11.811,13.61033686114638
ABIDEII-KKI_8ch,RandomForest,False,sub-29432,10.7808,9.79267295202064
ABIDEII-KKI_8ch,RandomForest,False,sub-29388,10.5973,9.44361935724193
ABIDEII-KKI_8ch,RandomForest,False,sub-29390,8.17808,9.000938791197497
ABIDEII-KKI_8ch,RandomForest,False,sub-29396,11.2986,11.105132082673514
ABIDEII-KKI_8ch,RandomForest,False,sub-29397,9.43562,9.472220569594365
ABIDEII-KKI_8ch,RandomForest,False,sub-29399,10.6767,11.328639470718917
ABIDEII-KKI_8ch,RandomForest,False,sub-29424,8.85479,9.743011327919401
ABIDEII-KKI_8ch,RandomForest,False,sub-29420,9.74247,9.450240833287875
ABIDEII-KKI_8ch,RandomForest,False,sub-29387,8.59452,9.805850555656123
ABIDEII-KKI_8ch,RandomForest,False,sub-29436,11.1589,10.355161874512618
ABIDEII-KKI_8ch,RandomForest,False,sub-29422,10.4137,10.174864362480541
ABIDEII-KKI_8ch,RandomForest,False,sub-29334,8.11507,10.736085516393132
ABIDEII-KKI_8ch,RandomForest,False,sub-29382,10.0192,11.362461377667062
ABIDEII-KKI_8ch,RandomForest,False,sub-29345,11.0274,10.008730629563415
ABIDEII-KKI_8ch,RandomForest,False,sub-29343,8.92055,9.843271424573837
ABIDEII-KKI_8ch,RandomForest,False,sub-29342,9.74521,10.567799047963897
ABIDEII-KKI_8ch,RandomForest,False,sub-29341,10.2959,10.818697064263926
ABIDEII-KKI_8ch,RandomForest,False,sub-29359,11.4466,10.568766644466598
ABIDEII-KKI_8ch,RandomForest,False,sub-29337,12.3616,10.372444464105062
ABIDEII-KKI_8ch,RandomForest,False,sub-29336,11.1479,10.923131731214022
ABIDEII-KKI_8ch,RandomForest,False,sub-29335,9.6411,9.634818795174207
ABIDEII-KKI_8ch,RandomForest,False,sub-29386,8.06849,10.252643119468019
ABIDEII-KKI_8ch,RandomForest,False,sub-29333,10.8055,12.394343444261573
ABIDEII-KKI_8ch,RandomForest,False,sub-29332,9.11781,9.793241716236611
ABIDEII-KKI_8ch,RandomForest,False,sub-29329,11.7288,10.662350460845785
ABIDEII-KKI_8ch,RandomForest,False,sub-29371,9.93699,10.491182164630048
ABIDEII-KKI_8ch,RandomForest,False,sub-29324,9.02192,10.079803647272827
ABIDEII-KKI_8ch,RandomForest,False,sub-29318,8.98356,10.876895489133505
ABIDEII-KKI_8ch,RandomForest,False,sub-29349,10.6301,10.029487867465432
ABIDEII-KKI_8ch,RandomForest,False,sub-29348,12.3534,11.8757145478643
ABIDEII-KKI_8ch,RandomForest,False,sub-29347,9.37534,11.631906915867607
ABIDEII-KKI_8ch,RandomForest,False,sub-29316,10.0904,10.390707319771925
ABIDEII-KKI_8ch,RandomForest,False,sub-29321,12.874,11.438564652014549
ABIDEII-KKI_8ch,RandomForest,False,sub-29319,9.61918,10.832736969080104
ABIDEII-KKI_8ch,RandomForest,False,sub-29320,9.47123,11.918545567612204
ABIDEII-KKI_8ch,RandomForest,False,sub-29322,9.39178,9.838407933530677
ABIDEII-KKI_8ch,RandomForest,False,sub-29323,11.0904,10.362879343149823
ABIDEII-KKI_8ch,RandomForest,False,sub-29379,12.1644,9.931704154205315
ABIDEII-KKI_8ch,RandomForest,False,sub-29350,11.2438,9.502337866499376
ABIDEII-KKI_8ch,RandomForest,False,sub-29368,12.1644,11.426623818401387
ABIDEII-KKI_8ch,RandomForest,False,sub-29378,11.9507,14.195109818740264
ABIDEII-KKI_8ch,RandomForest,False,sub-29374,11.0247,12.990730048453253
ABIDEII-KKI_8ch,RandomForest,False,sub-29373,9.65205,9.91118369007426
ABIDEII-KKI_8ch,RandomForest,False,sub-29361,9.30959,13.648206314621477
ABIDEII-KKI_8ch,RandomForest,False,sub-29370,12.3041,12.406422131730201
ABIDEII-KKI_8ch,RandomForest,False,sub-29369,9.30137,9.816953396852997
ABIDEII-KKI_8ch,RandomForest,False,sub-29326,12.8986,11.747181346133416
ABIDEII-KKI_8ch,RandomForest,False,sub-29367,8.94247,9.62022486536248
ABIDEII-KKI_8ch,RandomForest,False,sub-29383,10.5425,10.07126651428293
ABIDEII-KKI_8ch,RandomForest,False,sub-29364,8.8274,13.930749016807061
ABIDEII-KKI_8ch,RandomForest,False,sub-29362,10.4438,10.818042222102319
ABIDEII-KKI_8ch,RandomForest,False,sub-29340,8.33151,10.181439066099147
ABIDEII-KKI_8ch,RandomForest,False,sub-29363,11.4438,12.702500436404518
ABIDEII-KKI_8ch,RandomForest,False,sub-29328,10.0877,9.724464221842549
ABIDEII-KKI_8ch,RandomForest,False,sub-29317,10.0877,10.014952143505393
ABIDEII-KKI_8ch,RandomForest,False,sub-29356,11.7288,10.918791792682795
ABIDEII-KKI_8ch,RandomForest,False,sub-29311,9.75068,16.335231247430237
ABIDEII-KKI_8ch,RandomForest,False,sub-29352,9.40548,22.87809273438782
ABIDEII-KKI_8ch,RandomForest,False,sub-29351,9.73425,9.760247118435204
ABIDEII-KKI_8ch,RandomForest,False,sub-29437,10.1562,10.328694931292375
ABIDEII-KKI_8ch,RandomForest,False,sub-29358,10.4,10.328914372763546
ABIDEII-KKI_8ch,RandomForest,False,sub-29314,10.1233,10.038109907912006
ABIDEII-KKI_8ch,RandomForest,False,sub-29440,11.337,10.963734217834677
ABIDEII-KKI_8ch,RandomForest,False,sub-29300,9.73425,10.677455076924428
ABIDEII-KKI_8ch,RandomForest,False,sub-29299,11.0274,10.490105544692671
ABIDEII-KKI_8ch,RandomForest,False,sub-29439,8.78356,10.17067712489968
ABIDEII-KKI_8ch,RandomForest,False,sub-29354,9.29589,9.612631181135486
ABIDEII-KKI_8ch,RandomForest,False,sub-29315,10.9671,12.092626305453653
ABIDEII-KKI_8ch,RandomForest,False,sub-29395,9.26849,9.832893522092888
ABIDEII-KKI_8ch,RandomForest,False,sub-29384,10.3041,9.791769787708972
ABIDEII-KKI_8ch,RandomForest,False,sub-29381,10.3534,10.146543975434058
ABIDEII-KKI_8ch,RandomForest,False,sub-29380,10.6082,9.762901063304728
ABIDEII-KKI_8ch,RandomForest,False,sub-29294,11.7671,11.859161741539902
ABIDEII-KKI_8ch,RandomForest,False,sub-29296,10.4438,10.251575596506056
ABIDEII-KKI_8ch,RandomForest,False,sub-29297,9.66575,11.359280207377502
ABIDEII-KKI_8ch,RandomForest,False,sub-29301,10.7808,9.851080385084558
ABIDEII-KKI_8ch,RandomForest,False,sub-29309,9.05753,11.901789248940922
ABIDEII-KKI_8ch,RandomForest,False,sub-29445,9.68493,10.45372257845517
ABIDEII-KKI_8ch,RandomForest,False,sub-29450,11.0411,9.520620349361112
ABIDEII-KKI_8ch,RandomForest,False,sub-29313,8.61918,11.081141427641374
ABIDEII-KKI_8ch,RandomForest,False,sub-29438,11.0164,10.972285174168674
ABIDEII-KKI_8ch,RandomForest,False,sub-29325,10.6877,10.334854710027503
ABIDEII-KKI_8ch,RandomForest,False,sub-29327,11.0959,10.711663028094037
ABIDEII-KKI_8ch,RandomForest,False,sub-29330,11.6603,11.550256141749923
ABIDEII-KKI_8ch,RandomForest,False,sub-29331,10.7288,11.460480511770722
ABIDEII-KKI_8ch,RandomForest,False,sub-29338,10.8247,11.345152819888032
ABIDEII-KKI_8ch,RandomForest,False,sub-29353,9.81918,9.76295682013358
ABIDEII-KKI_8ch,RandomForest,False,sub-29346,12.6603,11.358370352287366
ABIDEII-KKI_8ch,RandomForest,False,sub-29357,12.7644,10.670100672839391
ABIDEII-KKI_8ch,RandomForest,False,sub-29355,11.8521,10.484227416026464
ABIDEII-KKI_8ch,RandomForest,False,sub-29302,11.6685,9.977635023734015
ABIDEII-KKI_8ch,RandomForest,False,sub-29303,8.55616,10.43054532756585
ABIDEII-KKI_8ch,RandomForest,False,sub-29298,10.5507,10.213392784657161
ABIDEII-KKI_8ch,RandomForest,False,sub-29305,9.57808,12.57908360367701
ABIDEII-KKI_8ch,RandomForest,False,sub-29339,8.90685,10.632994493606963
ABIDEII-KKI_8ch,RandomForest,False,sub-29307,9.12055,9.53230145716355
ABIDEII-KKI_8ch,RandomForest,False,sub-29306,9.62192,9.671080209780625
ABIDEII-KKI_8ch,RandomForest,False,sub-29377,10.2904,11.057693899203013
ABIDEII-KKI_8ch,RandomForest,False,sub-29304,10.6027,9.104378996061445
ABIDEII-KKI_8ch,RandomForest,False,sub-29468,10.7973,11.43355649198226
ABIDEII-KKI_8ch,RandomForest,False,sub-29446,9.16712,18.950379052994702
ABIDEII-KKI_8ch,RandomForest,False,sub-29472,10.1096,11.068718444063743
ABIDEII-KKI_8ch,RandomForest,False,sub-29441,9.28219,10.661020475111986
ABIDEII-KKI_8ch,RandomForest,False,sub-29312,9.78904,10.137125418061421
ABIDEII-KKI_8ch,RandomForest,False,sub-29310,8.02466,9.69599920740506
ABIDEII-KKI_8ch,RandomForest,False,sub-29308,11.8438,11.048071895503856
ABIDEII-KKI_8ch,RandomForest,False,sub-29442,11.811,10.868743108445615
ABIDEII-KKI_8ch,XGBoost,False,sub-29432,10.7808,9.699260711669922
ABIDEII-KKI_8ch,XGBoost,False,sub-29388,10.5973,9.775670051574707
ABIDEII-KKI_8ch,XGBoost,False,sub-29390,8.17808,8.118083000183105
ABIDEII-KKI_8ch,XGBoost,False,sub-29396,11.2986,11.300264358520508
ABIDEII-KKI_8ch,XGBoost,False,sub-29397,9.43562,9.33365249633789
ABIDEII-KKI_8ch,XGBoost,False,sub-29399,10.6767,11.010258674621582
ABIDEII-KKI_8ch,XGBoost,False,sub-29424,8.85479,9.486889839172363
ABIDEII-KKI_8ch,XGBoost,False,sub-29420,9.74247,9.448280334472656
ABIDEII-KKI_8ch,XGBoost,False,sub-29387,8.59452,9.604305267333984
ABIDEII-KKI_8ch,XGBoost,False,sub-29436,11.1589,10.750327110290527
ABIDEII-KKI_8ch,XGBoost,False,sub-29422,10.4137,10.087194442749023
ABIDEII-KKI_8ch,XGBoost,False,sub-29334,8.11507,10.42051887512207
ABIDEII-KKI_8ch,XGBoost,False,sub-29382,10.0192,11.74537467956543
ABIDEII-KKI_8ch,XGBoost,False,sub-29345,11.0274,9.899467468261719
ABIDEII-KKI_8ch,XGBoost,False,sub-29343,8.92055,9.74563980102539
ABIDEII-KKI_8ch,XGBoost,False,sub-29342,9.74521,9.81350326538086
ABIDEII-KKI_8ch,XGBoost,False,sub-29341,10.2959,10.678680419921875
ABIDEII-KKI_8ch,XGBoost,False,sub-29359,11.4466,10.19058895111084
ABIDEII-KKI_8ch,XGBoost,False,sub-29337,12.3616,9.96936321258545
ABIDEII-KKI_8ch,XGBoost,False,sub-29336,11.1479,10.756721496582031
ABIDEII-KKI_8ch,XGBoost,False,sub-29335,9.6411,9.551255226135254
ABIDEII-KKI_8ch,XGBoost,False,sub-29386,8.06849,10.221253395080566
ABIDEII-KKI_8ch,XGBoost,False,sub-29333,10.8055,11.846963882446289
ABIDEII-KKI_8ch,XGBoost,False,sub-29332,9.11781,9.951661109924316
ABIDEII-KKI_8ch,XGBoost,False,sub-29329,11.7288,10.425235748291016
ABIDEII-KKI_8ch,XGBoost,False,sub-29371,9.93699,10.608579635620117
ABIDEII-KKI_8ch,XGBoost,False,sub-29324,9.02192,10.583512306213379
ABIDEII-KKI_8ch,XGBoost,False,sub-29318,8.98356,10.653972625732422
ABIDEII-KKI_8ch,XGBoost,False,sub-29349,10.6301,9.74863338470459
ABIDEII-KKI_8ch,XGBoost,False,sub-29348,12.3534,11.732306480407715
ABIDEII-KKI_8ch,XGBoost,False,sub-29347,9.37534,11.399713516235352
ABIDEII-KKI_8ch,XGBoost,False,sub-29316,10.0904,10.457615852355957
ABIDEII-KKI_8ch,XGBoost,False,sub-29321,12.874,10.95620059967041
ABIDEII-KKI_8ch,XGBoost,False,sub-29319,9.61918,10.66510009765625
ABIDEII-KKI_8ch,XGBoost,False,sub-29320,9.47123,12.405594825744629
ABIDEII-KKI_8ch,XGBoost,False,sub-29322,9.39178,9.938972473144531
ABIDEII-KKI_8ch,XGBoost,False,sub-29323,11.0904,10.886180877685547
ABIDEII-KKI_8ch,XGBoost,False,sub-29379,12.1644,9.807435989379883
ABIDEII-KKI_8ch,XGBoost,False,sub-29350,11.2438,9.2688627243042
ABIDEII-KKI_8ch,XGBoost,False,sub-29368,12.1644,11.471254348754883
ABIDEII-KKI_8ch,XGBoost,False,sub-29378,11.9507,15.2606840133667
ABIDEII-KKI_8ch,XGBoost,False,sub-29374,11.0247,11.169001579284668
ABIDEII-KKI_8ch,XGBoost,False,sub-29373,9.65205,9.954486846923828
ABIDEII-KKI_8ch,XGBoost,False,sub-29361,9.30959,13.499022483825684
ABIDEII-KKI_8ch,XGBoost,False,sub-29370,12.3041,11.823710441589355
ABIDEII-KKI_8ch,XGBoost,False,sub-29369,9.30137,9.870353698730469
ABIDEII-KKI_8ch,XGBoost,False,sub-29326,12.8986,10.988768577575684
ABIDEII-KKI_8ch,XGBoost,False,sub-29367,8.94247,9.457478523254395
ABIDEII-KKI_8ch,XGBoost,False,sub-29383,10.5425,10.182275772094727
ABIDEII-KKI_8ch,XGBoost,False,sub-29364,8.8274,14.83602523803711
ABIDEII-KKI_8ch,XGBoost,False,sub-29362,10.4438,10.068314552307129
ABIDEII-KKI_8ch,XGBoost,False,sub-29340,8.33151,10.510637283325195
ABIDEII-KKI_8ch,XGBoost,False,sub-29363,11.4438,11.657002449035645
ABIDEII-KKI_8ch,XGBoost,False,sub-29328,10.0877,10.37275218963623
ABIDEII-KKI_8ch,XGBoost,False,sub-29317,10.0877,10.103338241577148
ABIDEII-KKI_8ch,XGBoost,False,sub-29356,11.7288,10.383000373840332
ABIDEII-KKI_8ch,XGBoost,False,sub-29311,9.75068,17.419509887695312
ABIDEII-KKI_8ch,XGBoost,False,sub-29352,9.40548,20.969974517822266
ABIDEII-KKI_8ch,XGBoost,False,sub-29351,9.73425,10.082111358642578
ABIDEII-KKI_8ch,XGBoost,False,sub-29437,10.1562,9.957847595214844
ABIDEII-KKI_8ch,XGBoost,False,sub-29358,10.4,10.321550369262695
ABIDEII-KKI_8ch,XGBoost,False,sub-29314,10.1233,9.980935096740723
ABIDEII-KKI_8ch,XGBoost,False,sub-29440,11.337,10.88810920715332
ABIDEII-KKI_8ch,XGBoost,False,sub-29300,9.73425,10.711344718933105
ABIDEII-KKI_8ch,XGBoost,False,sub-29299,11.0274,10.236458778381348
ABIDEII-KKI_8ch,XGBoost,False,sub-29439,8.78356,9.823929786682129
ABIDEII-KKI_8ch,XGBoost,False,sub-29354,9.29589,9.403264999389648
ABIDEII-KKI_8ch,XGBoost,False,sub-29315,10.9671,11.377324104309082
ABIDEII-KKI_8ch,XGBoost,False,sub-29395,9.26849,9.87395191192627
ABIDEII-KKI_8ch,XGBoost,False,sub-29384,10.3041,9.830450057983398
ABIDEII-KKI_8ch,XGBoost,False,sub-29381,10.3534,9.976286888122559
ABIDEII-KKI_8ch,XGBoost,False,sub-29380,10.6082,9.585600852966309
ABIDEII-KKI_8ch,XGBoost,False,sub-29294,11.7671,11.752202033996582
ABIDEII-KKI_8ch,XGBoost,False,sub-29296,10.4438,9.70781135559082
ABIDEII-KKI_8ch,XGBoost,False,sub-29297,9.66575,11.345317840576172
ABIDEII-KKI_8ch,XGBoost,False,sub-29301,10.7808,9.890585899353027
ABIDEII-KKI_8ch,XGBoost,False,sub-29309,9.05753,11.025108337402344
ABIDEII-KKI_8ch,XGBoost,False,sub-29445,9.68493,10.200136184692383
ABIDEII-KKI_8ch,XGBoost,False,sub-29450,11.0411,9.623465538024902
ABIDEII-KKI_8ch,XGBoost,False,sub-29313,8.61918,11.082240104675293
ABIDEII-KKI_8ch,XGBoost,False,sub-29438,11.0164,10.807408332824707
ABIDEII-KKI_8ch,XGBoost,False,sub-29325,10.6877,10.299930572509766
ABIDEII-KKI_8ch,XGBoost,False,sub-29327,11.0959,11.494304656982422
ABIDEII-KKI_8ch,XGBoost,False,sub-29330,11.6603,10.920001983642578
ABIDEII-KKI_8ch,XGBoost,False,sub-29331,10.7288,10.732575416564941
ABIDEII-KKI_8ch,XGBoost,False,sub-29338,10.8247,11.103402137756348
ABIDEII-KKI_8ch,XGBoost,False,sub-29353,9.81918,9.72009563446045
ABIDEII-KKI_8ch,XGBoost,False,sub-29346,12.6603,10.86008358001709
ABIDEII-KKI_8ch,XGBoost,False,sub-29357,12.7644,10.662467956542969
ABIDEII-KKI_8ch,XGBoost,False,sub-29355,11.8521,10.468586921691895
ABIDEII-KKI_8ch,XGBoost,False,sub-29302,11.6685,9.668959617614746
ABIDEII-KKI_8ch,XGBoost,False,sub-29303,8.55616,10.33303165435791
ABIDEII-KKI_8ch,XGBoost,False,sub-29298,10.5507,10.24231243133545
ABIDEII-KKI_8ch,XGBoost,False,sub-29305,9.57808,12.465360641479492
ABIDEII-KKI_8ch,XGBoost,False,sub-29339,8.90685,10.50025463104248
ABIDEII-KKI_8ch,XGBoost,False,sub-29307,9.12055,9.64142894744873
ABIDEII-KKI_8ch,XGBoost,False,sub-29306,9.62192,9.459786415100098
ABIDEII-KKI_8ch,XGBoost,False,sub-29377,10.2904,10.822063446044922
ABIDEII-KKI_8ch,XGBoost,False,sub-29304,10.6027,9.205520629882812
ABIDEII-KKI_8ch,XGBoost,False,sub-29468,10.7973,11.856614112854004
ABIDEII-KKI_8ch,XGBoost,False,sub-29446,9.16712,19.184492111206055
ABIDEII-KKI_8ch,XGBoost,False,sub-29472,10.1096,10.958182334899902
ABIDEII-KKI_8ch,XGBoost,False,sub-29441,9.28219,10.483480453491211
ABIDEII-KKI_8ch,XGBoost,False,sub-29312,9.78904,9.97232437133789
ABIDEII-KKI_8ch,XGBoost,False,sub-29310,8.02466,9.380664825439453
ABIDEII-KKI_8ch,XGBoost,False,sub-29308,11.8438,10.50765609741211
ABIDEII-KKI_8ch,XGBoost,False,sub-29442,11.811,10.395188331604004
ABIDEII-NYU_1,ElasticNet,False,sub-29229,5.907,5.499272841228958
ABIDEII-NYU_1,ElasticNet,False,sub-29236,6.363,9.233389270535099
ABIDEII-NYU_1,ElasticNet,False,sub-29234,10.541,19.2159001150751
ABIDEII-NYU_1,ElasticNet,False,sub-29225,6.664,4.599776207107311
ABIDEII-NYU_1,ElasticNet,False,sub-29230,8.164,12.939268746774587
ABIDEII-NYU_1,ElasticNet,False,sub-29228,9.231,5.734881483999629
ABIDEII-NYU_1,ElasticNet,False,sub-29242,23.81,38.928871132713425
ABIDEII-NYU_1,ElasticNet,False,sub-29253,5.887,7.696797269934905
ABIDEII-NYU_1,ElasticNet,False,sub-29231,8.887,10.8521506895014
ABIDEII-NYU_1,ElasticNet,False,sub-29239,11.32,5.0410921025088555
ABIDEII-NYU_1,ElasticNet,False,sub-29245,9.0,6.312571168637646
ABIDEII-NYU_1,ElasticNet,False,sub-29226,5.9,11.262764844218623
ABIDEII-NYU_1,ElasticNet,False,sub-29254,7.109,7.190241342810509
ABIDEII-NYU_1,ElasticNet,False,sub-29235,9.033,9.738941046264245
ABIDEII-NYU_1,ElasticNet,False,sub-29238,7.24,5.482024361429353
ABIDEII-NYU_1,ElasticNet,False,sub-29247,9.54,7.557997840670964
ABIDEII-NYU_1,ElasticNet,False,sub-29252,9.48,11.434383804623963
ABIDEII-NYU_1,ElasticNet,False,sub-29232,7.604,9.086154864559717
ABIDEII-NYU_1,ElasticNet,False,sub-29241,8.15,6.312571168637646
ABIDEII-NYU_1,ElasticNet,False,sub-29237,9.529,13.368591323510032
ABIDEII-NYU_1,ElasticNet,False,sub-29233,10.862,16.974485289553172
ABIDEII-NYU_1,ElasticNet,False,sub-29227,7.958,9.466266961998258
ABIDEII-NYU_1,ElasticNet,False,sub-29240,10.68,11.643020280064775
ABIDEII-NYU_1,ElasticNet,False,sub-29243,11.34,12.827207210624806
ABIDEII-NYU_1,ElasticNet,False,sub-29251,9.19,9.058491710717476
ABIDEII-NYU_1,ElasticNet,False,sub-29246,11.2,18.39063920149431
ABIDEII-NYU_1,ElasticNet,False,sub-29244,8.57,6.915718808738802
ABIDEII-NYU_1,ElasticNet,False,sub-29249,12.47,14.81729293345768
ABIDEII-NYU_1,ElasticNet,False,sub-29248,11.09,10.676268592400561
ABIDEII-NYU_1,ElasticNet,False,sub-29250,12.9,16.79274928912446
ABIDEII-NYU_1,RandomForest,False,sub-29229,5.907,8.67331187193481
ABIDEII-NYU_1,RandomForest,False,sub-29236,6.363,10.370642605124344
ABIDEII-NYU_1,RandomForest,False,sub-29234,10.541,16.778556365309058
ABIDEII-NYU_1,RandomForest,False,sub-29225,6.664,9.385257912800196
ABIDEII-NYU_1,RandomForest,False,sub-29230,8.164,12.124342001314742
ABIDEII-NYU_1,RandomForest,False,sub-29228,9.231,9.866844864786195
ABIDEII-NYU_1,RandomForest,False,sub-29242,23.81,31.49195397068762
ABIDEII-NYU_1,RandomForest,False,sub-29253,5.887,9.804139843787707
ABIDEII-NYU_1,RandomForest,False,sub-29231,8.887,11.628506059140534
ABIDEII-NYU_1,RandomForest,False,sub-29239,11.32,9.863887318450585
ABIDEII-NYU_1,RandomForest,False,sub-29245,9.0,11.00462597296895
ABIDEII-NYU_1,RandomForest,False,sub-29226,5.9,10.313337370494569
ABIDEII-NYU_1,RandomForest,False,sub-29254,7.109,9.159280524965569
ABIDEII-NYU_1,RandomForest,False,sub-29235,9.033,10.98155566723775
ABIDEII-NYU_1,RandomForest,False,sub-29238,7.24,9.57293581031965
ABIDEII-NYU_1,RandomForest,False,sub-29247,9.54,10.020543706065652
ABIDEII-NYU_1,RandomForest,False,sub-29252,9.48,11.394272493919194
ABIDEII-NYU_1,RandomForest,False,sub-29232,7.604,9.96608463051819
ABIDEII-NYU_1,RandomForest,False,sub-29241,8.15,11.00462597296895
ABIDEII-NYU_1,RandomForest,False,sub-29237,9.529,10.971674602504038
ABIDEII-NYU_1,RandomForest,False,sub-29233,10.862,13.182653322742762
ABIDEII-NYU_1,RandomForest,False,sub-29227,7.958,10.295716761716678
ABIDEII-NYU_1,RandomForest,False,sub-29240,10.68,11.099443822558971
ABIDEII-NYU_1,RandomForest,False,sub-29243,11.34,11.869236037318009
ABIDEII-NYU_1,RandomForest,False,sub-29251,9.19,10.063215286571845
ABIDEII-NYU_1,RandomForest,False,sub-29246,11.2,13.301492046368393
ABIDEII-NYU_1,RandomForest,False,sub-29244,8.57,9.74079007747216
ABIDEII-NYU_1,RandomForest,False,sub-29249,12.47,12.666164670869646
ABIDEII-NYU_1,RandomForest,False,sub-29248,11.09,11.098610360593613
ABIDEII-NYU_1,RandomForest,False,sub-29250,12.9,13.120119233101747
ABIDEII-NYU_1,XGBoost,False,sub-29229,5.907,9.86306095123291
ABIDEII-NYU_1,XGBoost,False,sub-29236,6.363,9.720413208007812
ABIDEII-NYU_1,XGBoost,False,sub-29234,10.541,17.03171730041504
ABIDEII-NYU_1,XGBoost,False,sub-29225,6.664,10.05592155456543
ABIDEII-NYU_1,XGBoost,False,sub-29230,8.164,11.327912330627441
ABIDEII-NYU_1,XGBoost,False,sub-29228,9.231,10.154034614562988
ABIDEII-NYU_1,XGBoost,False,sub-29242,23.81,30.385852813720703
ABIDEII-NYU_1,XGBoost,False,sub-29253,5.887,10.359210014343262
ABIDEII-NYU_1,XGBoost,False,sub-29231,8.887,11.01070499420166
ABIDEII-NYU_1,XGBoost,False,sub-29239,11.32,10.23415470123291
ABIDEII-NYU_1,XGBoost,False,sub-29245,9.0,10.590730667114258
ABIDEII-NYU_1,XGBoost,False,sub-29226,5.9,11.140674591064453
ABIDEII-NYU_1,XGBoost,False,sub-29254,7.109,10.030070304870605
ABIDEII-NYU_1,XGBoost,False,sub-29235,9.033,11.16447639465332
ABIDEII-NYU_1,XGBoost,False,sub-29238,7.24,10.116189956665039
ABIDEII-NYU_1,XGBoost,False,sub-29247,9.54,9.578619956970215
ABIDEII-NYU_1,XGBoost,False,sub-29252,9.48,11.387882232666016
ABIDEII-NYU_1,XGBoost,False,sub-29232,7.604,10.61175537109375
ABIDEII-NYU_1,XGBoost,False,sub-29241,8.15,10.590730667114258
ABIDEII-NYU_1,XGBoost,False,sub-29237,9.529,11.534160614013672
ABIDEII-NYU_1,XGBoost,False,sub-29233,10.862,12.646127700805664
ABIDEII-NYU_1,XGBoost,False,sub-29227,7.958,10.343729972839355
ABIDEII-NYU_1,XGBoost,False,sub-29240,10.68,10.79954719543457
ABIDEII-NYU_1,XGBoost,False,sub-29243,11.34,11.138753890991211
ABIDEII-NYU_1,XGBoost,False,sub-29251,9.19,10.621129989624023
ABIDEII-NYU_1,XGBoost,False,sub-29246,11.2,12.653136253356934
ABIDEII-NYU_1,XGBoost,False,sub-29244,8.57,10.164288520812988
ABIDEII-NYU_1,XGBoost,False,sub-29249,12.47,12.189071655273438
ABIDEII-NYU_1,XGBoost,False,sub-29248,11.09,10.00173568725586
ABIDEII-NYU_1,XGBoost,False,sub-29250,12.9,12.794244766235352
ABIDEII-OHSU_1,ElasticNet,False,sub-30165,12.0,19.904530201889543
ABIDEII-OHSU_1,ElasticNet,False,sub-30164,10.0,11.117029750562324
ABIDEII-OHSU_1,ElasticNet,False,sub-30161,10.0,10.68055976530934
ABIDEII-OHSU_1,ElasticNet,False,sub-29003,12.0,6.560807475297338
ABIDEII-OHSU_1,ElasticNet,False,sub-28945,11.0,15.368875921058475
ABIDEII-OHSU_1,ElasticNet,False,sub-30154,13.0,11.928902537562635
ABIDEII-OHSU_1,ElasticNet,False,sub-30157,11.0,14.174307740571408
ABIDEII-OHSU_1,ElasticNet,False,sub-29005,10.0,10.687911447374972
ABIDEII-OHSU_1,ElasticNet,False,sub-28946,9.0,18.462635250916037
ABIDEII-OHSU_1,ElasticNet,False,sub-28943,11.0,13.468150786285605
ABIDEII-OHSU_1,ElasticNet,False,sub-30158,8.0,13.62398648075191
ABIDEII-OHSU_1,ElasticNet,False,sub-30166,10.0,17.011148779864357
ABIDEII-OHSU_1,ElasticNet,False,sub-28994,11.0,21.89537278158855
ABIDEII-OHSU_1,ElasticNet,False,sub-28944,10.0,12.353940676654815
ABIDEII-OHSU_1,ElasticNet,False,sub-29004,13.0,17.90120129803131
ABIDEII-OHSU_1,ElasticNet,False,sub-28954,13.0,20.356729920704424
ABIDEII-OHSU_1,ElasticNet,False,sub-28956,9.0,2.8437925366877153
ABIDEII-OHSU_1,ElasticNet,False,sub-28980,8.0,15.916119172515323
ABIDEII-OHSU_1,ElasticNet,False,sub-30167,14.0,20.419043964093817
ABIDEII-OHSU_1,ElasticNet,False,sub-28951,13.0,10.253676814085452
ABIDEII-OHSU_1,ElasticNet,False,sub-29001,9.0,9.425166913716339
ABIDEII-OHSU_1,ElasticNet,False,sub-29002,14.0,6.863777896402667
ABIDEII-OHSU_1,ElasticNet,False,sub-30155,9.0,11.666273633984133
ABIDEII-OHSU_1,ElasticNet,False,sub-30162,11.0,10.75665007313421
ABIDEII-OHSU_1,ElasticNet,False,sub-28996,11.0,4.1928729381710355
ABIDEII-OHSU_1,ElasticNet,False,sub-30160,11.0,7.558751006363536
ABIDEII-OHSU_1,ElasticNet,False,sub-30163,8.0,14.560241089558417
ABIDEII-OHSU_1,ElasticNet,False,sub-28983,8.0,-1.6812537717230498
ABIDEII-OHSU_1,ElasticNet,False,sub-30159,13.0,18.79200285889283
ABIDEII-OHSU_1,ElasticNet,False,sub-28953,10.0,21.68352426490685
ABIDEII-OHSU_1,ElasticNet,False,sub-28955,10.0,10.444930978854131
ABIDEII-OHSU_1,ElasticNet,False,sub-28960,11.0,7.894309738097036
ABIDEII-OHSU_1,ElasticNet,False,sub-28961,9.0,5.1274090694777215
ABIDEII-OHSU_1,ElasticNet,False,sub-28970,8.0,2.120285333547372
ABIDEII-OHSU_1,ElasticNet,False,sub-28969,9.0,5.321014312597981
ABIDEII-OHSU_1,ElasticNet,False,sub-28984,9.0,3.433638001610916
ABIDEII-OHSU_1,ElasticNet,False,sub-28973,9.0,14.601222347283283
ABIDEII-OHSU_1,ElasticNet,False,sub-28950,10.0,13.940969966122452
ABIDEII-OHSU_1,ElasticNet,False,sub-29000,10.0,8.550049534636628
ABIDEII-OHSU_1,ElasticNet,False,sub-28975,10.0,7.744889936384197
ABIDEII-OHSU_1,ElasticNet,False,sub-28985,12.0,11.316151652323583
ABIDEII-OHSU_1,ElasticNet,False,sub-28971,9.0,5.860640544177613
ABIDEII-OHSU_1,ElasticNet,False,sub-28977,9.0,9.826865970714493
ABIDEII-OHSU_1,ElasticNet,False,sub-28976,11.0,14.329740048017015
ABIDEII-OHSU_1,ElasticNet,False,sub-28974,12.0,4.693930917552279
ABIDEII-OHSU_1,ElasticNet,False,sub-28947,10.0,10.237409616411014
ABIDEII-OHSU_1,ElasticNet,False,sub-28993,10.0,12.603856759952464
ABIDEII-OHSU_1,ElasticNet,False,sub-28991,12.0,12.405516798839358
ABIDEII-OHSU_1,ElasticNet,False,sub-28990,8.0,1.1056691157704108
ABIDEII-OHSU_1,ElasticNet,False,sub-28948,12.0,11.267510592504664
ABIDEII-OHSU_1,ElasticNet,False,sub-28999,10.0,17.80588534544438
ABIDEII-OHSU_1,ElasticNet,False,sub-28981,11.0,2.6657138189749503
ABIDEII-OHSU_1,ElasticNet,False,sub-28979,9.0,12.84399445802535
ABIDEII-OHSU_1,ElasticNet,False,sub-28978,8.0,6.436404349726558
ABIDEII-OHSU_1,ElasticNet,False,sub-28989,12.0,13.351727474442669
ABIDEII-OHSU_1,RandomForest,False,sub-30165,12.0,12.927937751877849
ABIDEII-OHSU_1,RandomForest,False,sub-30164,10.0,10.188381939714372
ABIDEII-OHSU_1,RandomForest,False,sub-30161,10.0,10.460666449399644
ABIDEII-OHSU_1,RandomForest,False,sub-29003,12.0,10.1101707275823
ABIDEII-OHSU_1,RandomForest,False,sub-28945,11.0,10.527465204479526
ABIDEII-OHSU_1,RandomForest,False,sub-30154,13.0,10.740412912027889
ABIDEII-OHSU_1,RandomForest,False,sub-30157,11.0,10.88756579832654
ABIDEII-OHSU_1,RandomForest,False,sub-29005,10.0,9.83220463809037
ABIDEII-OHSU_1,RandomForest,False,sub-28946,9.0,11.763717812352972
ABIDEII-OHSU_1,RandomForest,False,sub-28943,11.0,9.7369882749205
ABIDEII-OHSU_1,RandomForest,False,sub-30158,8.0,10.088273901428161
ABIDEII-OHSU_1,RandomForest,False,sub-30166,10.0,10.781149782675756
ABIDEII-OHSU_1,RandomForest,False,sub-28994,11.0,15.276727290881178
ABIDEII-OHSU_1,RandomForest,False,sub-28944,10.0,10.279258790509466
ABIDEII-OHSU_1,RandomForest,False,sub-29004,13.0,12.419896588991683
ABIDEII-OHSU_1,RandomForest,False,sub-28954,13.0,13.656633562615035
ABIDEII-OHSU_1,RandomForest,False,sub-28956,9.0,10.054475773628123
ABIDEII-OHSU_1,RandomForest,False,sub-28980,8.0,11.045011201919516
ABIDEII-OHSU_1,RandomForest,False,sub-30167,14.0,14.84978286497706
ABIDEII-OHSU_1,RandomForest,False,sub-28951,13.0,11.48097852223362
ABIDEII-OHSU_1,RandomForest,False,sub-29001,9.0,9.887658777484488
ABIDEII-OHSU_1,RandomForest,False,sub-29002,14.0,10.216468495776315
ABIDEII-OHSU_1,RandomForest,False,sub-30155,9.0,11.110076479490344
ABIDEII-OHSU_1,RandomForest,False,sub-30162,11.0,9.784560395801847
ABIDEII-OHSU_1,RandomForest,False,sub-28996,11.0,10.069979522058127
ABIDEII-OHSU_1,RandomForest,False,sub-30160,11.0,9.883513709898759
ABIDEII-OHSU_1,RandomForest,False,sub-30163,8.0,10.114981749427908
ABIDEII-OHSU_1,RandomForest,False,sub-28983,8.0,9.521390201066806
ABIDEII-OHSU_1,RandomForest,False,sub-30159,13.0,12.607501033787576
ABIDEII-OHSU_1,RandomForest,False,sub-28953,10.0,13.185672777123148
ABIDEII-OHSU_1,RandomForest,False,sub-28955,10.0,10.455137388420981
ABIDEII-OHSU_1,RandomForest,False,sub-28960,11.0,10.53397676054925
ABIDEII-OHSU_1,RandomForest,False,sub-28961,9.0,9.972590548624584
ABIDEII-OHSU_1,RandomForest,False,sub-28970,8.0,9.76412843626415
ABIDEII-OHSU_1,RandomForest,False,sub-28969,9.0,10.11501313283037
ABIDEII-OHSU_1,RandomForest,False,sub-28984,9.0,9.792486383167253
ABIDEII-OHSU_1,RandomForest,False,sub-28973,9.0,10.79419469850087
ABIDEII-OHSU_1,RandomForest,False,sub-28950,10.0,10.363780380851903
ABIDEII-OHSU_1,RandomForest,False,sub-29000,10.0,9.298708122743454
ABIDEII-OHSU_1,RandomForest,False,sub-28975,10.0,10.355450174781344
ABIDEII-OHSU_1,RandomForest,False,sub-28985,12.0,11.250452372869756
ABIDEII-OHSU_1,RandomForest,False,sub-28971,9.0,9.652573063363935
ABIDEII-OHSU_1,RandomForest,False,sub-28977,9.0,9.86630164440584
ABIDEII-OHSU_1,RandomForest,False,sub-28976,11.0,10.302052769966192
ABIDEII-OHSU_1,RandomForest,False,sub-28974,12.0,11.025164807882193
ABIDEII-OHSU_1,RandomForest,False,sub-28947,10.0,9.469041291353111
ABIDEII-OHSU_1,RandomForest,False,sub-28993,10.0,10.462171943342533
ABIDEII-OHSU_1,RandomForest,False,sub-28991,12.0,11.496196377532849
ABIDEII-OHSU_1,RandomForest,False,sub-28990,8.0,10.409004071460066
ABIDEII-OHSU_1,RandomForest,False,sub-28948,12.0,11.075019624829125
ABIDEII-OHSU_1,RandomForest,False,sub-28999,10.0,11.541112541505356
ABIDEII-OHSU_1,RandomForest,False,sub-28981,11.0,10.075548599050137
ABIDEII-OHSU_1,RandomForest,False,sub-28979,9.0,11.98763041791759
ABIDEII-OHSU_1,RandomForest,False,sub-28978,8.0,10.088221631624702
ABIDEII-OHSU_1,RandomForest,False,sub-28989,12.0,11.748702616514603
ABIDEII-OHSU_1,XGBoost,False,sub-30165,12.0,12.71557331085205
ABIDEII-OHSU_1,XGBoost,False,sub-30164,10.0,10.190404891967773
ABIDEII-OHSU_1,XGBoost,False,sub-30161,10.0,10.309289932250977
ABIDEII-OHSU_1,XGBoost,False,sub-29003,12.0,10.63615608215332
ABIDEII-OHSU_1,XGBoost,False,sub-28945,11.0,10.313042640686035
ABIDEII-OHSU_1,XGBoost,False,sub-30154,13.0,10.993729591369629
ABIDEII-OHSU_1,XGBoost,False,sub-30157,11.0,10.974113464355469
ABIDEII-OHSU_1,XGBoost,False,sub-29005,10.0,9.629043579101562
ABIDEII-OHSU_1,XGBoost,False,sub-28946,9.0,11.457809448242188
ABIDEII-OHSU_1,XGBoost,False,sub-28943,11.0,9.84494686126709
ABIDEII-OHSU_1,XGBoost,False,sub-30158,8.0,10.071511268615723
ABIDEII-OHSU_1,XGBoost,False,sub-30166,10.0,10.21169662475586
ABIDEII-OHSU_1,XGBoost,False,sub-28994,11.0,14.918402671813965
ABIDEII-OHSU_1,XGBoost,False,sub-28944,10.0,10.37722110748291
ABIDEII-OHSU_1,XGBoost,False,sub-29004,13.0,12.912369728088379
ABIDEII-OHSU_1,XGBoost,False,sub-28954,13.0,13.246776580810547
ABIDEII-OHSU_1,XGBoost,False,sub-28956,9.0,10.047986030578613
ABIDEII-OHSU_1,XGBoost,False,sub-28980,8.0,11.905510902404785
ABIDEII-OHSU_1,XGBoost,False,sub-30167,14.0,14.118561744689941
ABIDEII-OHSU_1,XGBoost,False,sub-28951,13.0,11.224340438842773
ABIDEII-OHSU_1,XGBoost,False,sub-29001,9.0,9.82880687713623
ABIDEII-OHSU_1,XGBoost,False,sub-29002,14.0,10.717541694641113
ABIDEII-OHSU_1,XGBoost,False,sub-30155,9.0,10.876794815063477
ABIDEII-OHSU_1,XGBoost,False,sub-30162,11.0,9.875503540039062
ABIDEII-OHSU_1,XGBoost,False,sub-28996,11.0,10.204305648803711
ABIDEII-OHSU_1,XGBoost,False,sub-30160,11.0,9.722036361694336
ABIDEII-OHSU_1,XGBoost,False,sub-30163,8.0,10.074951171875
ABIDEII-OHSU_1,XGBoost,False,sub-28983,8.0,9.437960624694824
ABIDEII-OHSU_1,XGBoost,False,sub-30159,13.0,12.584538459777832
ABIDEII-OHSU_1,XGBoost,False,sub-28953,10.0,13.841781616210938
ABIDEII-OHSU_1,XGBoost,False,sub-28955,10.0,10.328887939453125
ABIDEII-OHSU_1,XGBoost,False,sub-28960,11.0,10.964017868041992
ABIDEII-OHSU_1,XGBoost,False,sub-28961,9.0,10.094371795654297
ABIDEII-OHSU_1,XGBoost,False,sub-28970,8.0,10.066357612609863
ABIDEII-OHSU_1,XGBoost,False,sub-28969,9.0,9.940814971923828
ABIDEII-OHSU_1,XGBoost,False,sub-28984,9.0,9.867222785949707
ABIDEII-OHSU_1,XGBoost,False,sub-28973,9.0,11.31704044342041
ABIDEII-OHSU_1,XGBoost,False,sub-28950,10.0,10.569250106811523
ABIDEII-OHSU_1,XGBoost,False,sub-29000,10.0,9.532164573669434
ABIDEII-OHSU_1,XGBoost,False,sub-28975,10.0,10.036233901977539
ABIDEII-OHSU_1,XGBoost,False,sub-28985,12.0,10.193070411682129
ABIDEII-OHSU_1,XGBoost,False,sub-28971,9.0,9.515170097351074
ABIDEII-OHSU_1,XGBoost,False,sub-28977,9.0,9.728592872619629
ABIDEII-OHSU_1,XGBoost,False,sub-28976,11.0,10.490860939025879
ABIDEII-OHSU_1,XGBoost,False,sub-28974,12.0,11.076024055480957
ABIDEII-OHSU_1,XGBoost,False,sub-28947,10.0,9.84578800201416
ABIDEII-OHSU_1,XGBoost,False,sub-28993,10.0,10.849493980407715
ABIDEII-OHSU_1,XGBoost,False,sub-28991,12.0,10.425382614135742
ABIDEII-OHSU_1,XGBoost,False,sub-28990,8.0,9.83094596862793
ABIDEII-OHSU_1,XGBoost,False,sub-28948,12.0,11.311274528503418
ABIDEII-OHSU_1,XGBoost,False,sub-28999,10.0,14.045158386230469
ABIDEII-OHSU_1,XGBoost,False,sub-28981,11.0,9.933034896850586
ABIDEII-OHSU_1,XGBoost,False,sub-28979,9.0,10.773221969604492
ABIDEII-OHSU_1,XGBoost,False,sub-28978,8.0,10.489910125732422
ABIDEII-OHSU_1,XGBoost,False,sub-28989,12.0,12.870776176452637
ABIDEII-TCD_1,ElasticNet,False,sub-29125,13.0,22.97858797912079
ABIDEII-TCD_1,ElasticNet,False,sub-29121,15.5,18.27439695646831
ABIDEII-TCD_1,ElasticNet,False,sub-29132,13.5,15.2619042752508
ABIDEII-TCD_1,ElasticNet,False,sub-29137,13.5,15.607890339487653
ABIDEII-TCD_1,ElasticNet,False,sub-29134,11.0,8.458445777890802
ABIDEII-TCD_1,ElasticNet,False,sub-29136,19.0,31.967672751293435
ABIDEII-TCD_1,ElasticNet,False,sub-29119,12.5,17.99192914108869
ABIDEII-TCD_1,ElasticNet,False,sub-29118,12.0,13.732598941800234
ABIDEII-TCD_1,ElasticNet,False,sub-29127,19.75,23.381489522457287
ABIDEII-TCD_1,ElasticNet,False,sub-29133,19.5,29.263278088556945
ABIDEII-TCD_1,ElasticNet,False,sub-29130,18.75,23.27844538564227
ABIDEII-TCD_1,ElasticNet,False,sub-29131,16.0,16.78110737230736
ABIDEII-TCD_1,ElasticNet,False,sub-29129,17.5,20.206060536842756
ABIDEII-TCD_1,ElasticNet,False,sub-29124,15.0,19.913849071917525
ABIDEII-TCD_1,ElasticNet,False,sub-29123,13.5,17.157115300094233
ABIDEII-TCD_1,ElasticNet,False,sub-29117,19.25,20.088190252679397
ABIDEII-TCD_1,ElasticNet,False,sub-29128,20.0,19.058843163167353
ABIDEII-TCD_1,ElasticNet,False,sub-29135,18.75,23.84161670777155
ABIDEII-TCD_1,ElasticNet,False,sub-29126,10.25,8.788153107294647
ABIDEII-TCD_1,ElasticNet,False,sub-29122,14.25,8.406876422302389
ABIDEII-TCD_1,ElasticNet,False,sub-29120,15.25,23.689605282252955
ABIDEII-TCD_1,RandomForest,False,sub-29125,13.0,21.794838534444448
ABIDEII-TCD_1,RandomForest,False,sub-29121,15.5,14.235820197478356
ABIDEII-TCD_1,RandomForest,False,sub-29132,13.5,12.370368122976195
ABIDEII-TCD_1,RandomForest,False,sub-29137,13.5,13.384423963906924
ABIDEII-TCD_1,RandomForest,False,sub-29134,11.0,9.22566282190476
ABIDEII-TCD_1,RandomForest,False,sub-29136,19.0,25.669076133333338
ABIDEII-TCD_1,RandomForest,False,sub-29119,12.5,13.177395885714278
ABIDEII-TCD_1,RandomForest,False,sub-29118,12.0,10.474441565357143
ABIDEII-TCD_1,RandomForest,False,sub-29127,19.75,23.570619587301586
ABIDEII-TCD_1,RandomForest,False,sub-29133,19.5,25.8751174126984
ABIDEII-TCD_1,RandomForest,False,sub-29130,18.75,20.482497140476195
ABIDEII-TCD_1,RandomForest,False,sub-29131,16.0,13.38388683833333
ABIDEII-TCD_1,RandomForest,False,sub-29129,17.5,13.596875364523806
ABIDEII-TCD_1,RandomForest,False,sub-29124,15.0,15.826352307142859
ABIDEII-TCD_1,RandomForest,False,sub-29123,13.5,12.173522261785717
ABIDEII-TCD_1,RandomForest,False,sub-29117,19.25,13.168685274025977
ABIDEII-TCD_1,RandomForest,False,sub-29128,20.0,19.377718127619044
ABIDEII-TCD_1,RandomForest,False,sub-29135,18.75,21.226126751587298
ABIDEII-TCD_1,RandomForest,False,sub-29126,10.25,10.34355924388889
ABIDEII-TCD_1,RandomForest,False,sub-29122,14.25,11.407772138650785
ABIDEII-TCD_1,RandomForest,False,sub-29120,15.25,19.665730141904763
ABIDEII-TCD_1,XGBoost,False,sub-29125,13.0,19.92523765563965
ABIDEII-TCD_1,XGBoost,False,sub-29121,15.5,15.775985717773438
ABIDEII-TCD_1,XGBoost,False,sub-29132,13.5,12.116957664489746
ABIDEII-TCD_1,XGBoost,False,sub-29137,13.5,13.594903945922852
ABIDEII-TCD_1,XGBoost,False,sub-29134,11.0,9.26503849029541
ABIDEII-TCD_1,XGBoost,False,sub-29136,19.0,27.52280044555664
ABIDEII-TCD_1,XGBoost,False,sub-29119,12.5,13.416622161865234
ABIDEII-TCD_1,XGBoost,False,sub-29118,12.0,10.876652717590332
ABIDEII-TCD_1,XGBoost,False,sub-29127,19.75,22.653669357299805
ABIDEII-TCD_1,XGBoost,False,sub-29133,19.5,24.259727478027344
ABIDEII-TCD_1,XGBoost,False,sub-29130,18.75,21.467056274414062
ABIDEII-TCD_1,XGBoost,False,sub-29131,16.0,13.133384704589844
ABIDEII-TCD_1,XGBoost,False,sub-29129,17.5,12.92762565612793
ABIDEII-TCD_1,XGBoost,False,sub-29124,15.0,15.76773738861084
ABIDEII-TCD_1,XGBoost,False,sub-29123,13.5,12.070770263671875
ABIDEII-TCD_1,XGBoost,False,sub-29117,19.25,14.90820598602295
ABIDEII-TCD_1,XGBoost,False,sub-29128,20.0,20.296123504638672
ABIDEII-TCD_1,XGBoost,False,sub-29135,18.75,20.09634780883789
ABIDEII-TCD_1,XGBoost,False,sub-29126,10.25,10.169684410095215
ABIDEII-TCD_1,XGBoost,False,sub-29122,14.25,11.08415412902832
ABIDEII-TCD_1,XGBoost,False,sub-29120,15.25,20.778539657592773
ABIDEII-UCD_1,ElasticNet,False,sub-30007,17.1667,1.6329751790794944
ABIDEII-UCD_1,ElasticNet,False,sub-30009,17.1667,14.027052771353056
ABIDEII-UCD_1,ElasticNet,False,sub-30015,15.5833,18.082222490635672
ABIDEII-UCD_1,ElasticNet,False,sub-30012,15.4167,12.956895736519527
ABIDEII-UCD_1,ElasticNet,False,sub-30006,13.9167,7.101525529748983
ABIDEII-UCD_1,ElasticNet,False,sub-30020,16.1667,13.954955135459045
ABIDEII-UCD_1,ElasticNet,False,sub-30008,13.8333,12.74498315997755
ABIDEII-UCD_1,ElasticNet,False,sub-30029,13.5833,10.0623330659663
ABIDEII-UCD_1,ElasticNet,False,sub-30004,16.3333,17.155611151050152
ABIDEII-UCD_1,ElasticNet,False,sub-29998,16.3333,21.548311246888147
ABIDEII-UCD_1,ElasticNet,False,sub-30022,12.25,20.40284390669899
ABIDEII-UCD_1,ElasticNet,False,sub-29997,13.1667,17.74205216181076
ABIDEII-UCD_1,ElasticNet,False,sub-30024,14.0833,8.601613396836683
ABIDEII-UCD_1,ElasticNet,False,sub-30023,12.25,6.412813712708726
ABIDEII-UCD_1,RandomForest,False,sub-30007,17.1667,9.190302827063492
ABIDEII-UCD_1,RandomForest,False,sub-30009,17.1667,11.505475115952379
ABIDEII-UCD_1,RandomForest,False,sub-30015,15.5833,12.46186552428572
ABIDEII-UCD_1,RandomForest,False,sub-30012,15.4167,11.293663075238092
ABIDEII-UCD_1,RandomForest,False,sub-30006,13.9167,9.461889831031748
ABIDEII-UCD_1,RandomForest,False,sub-30020,16.1667,11.080620495000003
ABIDEII-UCD_1,RandomForest,False,sub-30008,13.8333,9.943475194444442
ABIDEII-UCD_1,RandomForest,False,sub-30029,13.5833,9.908385927619047
ABIDEII-UCD_1,RandomForest,False,sub-30004,16.3333,13.47928746238096
ABIDEII-UCD_1,RandomForest,False,sub-29998,16.3333,13.158621434682543
ABIDEII-UCD_1,RandomForest,False,sub-30022,12.25,16.49275058452381
ABIDEII-UCD_1,RandomForest,False,sub-29997,13.1667,12.369008246428569
ABIDEII-UCD_1,RandomForest,False,sub-30024,14.0833,10.354563190238096
ABIDEII-UCD_1,RandomForest,False,sub-30023,12.25,9.338402044285713
ABIDEII-UCD_1,XGBoost,False,sub-30007,17.1667,9.508478164672852
ABIDEII-UCD_1,XGBoost,False,sub-30009,17.1667,11.722382545471191
ABIDEII-UCD_1,XGBoost,False,sub-30015,15.5833,14.464824676513672
ABIDEII-UCD_1,XGBoost,False,sub-30012,15.4167,10.931782722473145
ABIDEII-UCD_1,XGBoost,False,sub-30006,13.9167,9.67728042602539
ABIDEII-UCD_1,XGBoost,False,sub-30020,16.1667,10.921407699584961
ABIDEII-UCD_1,XGBoost,False,sub-30008,13.8333,10.319686889648438
ABIDEII-UCD_1,XGBoost,False,sub-30029,13.5833,10.320162773132324
ABIDEII-UCD_1,XGBoost,False,sub-30004,16.3333,13.805063247680664
ABIDEII-UCD_1,XGBoost,False,sub-29998,16.3333,13.23427963256836
ABIDEII-UCD_1,XGBoost,False,sub-30022,12.25,15.218110084533691
ABIDEII-UCD_1,XGBoost,False,sub-29997,13.1667,11.387762069702148
ABIDEII-UCD_1,XGBoost,False,sub-30024,14.0833,10.179695129394531
ABIDEII-UCD_1,XGBoost,False,sub-30023,12.25,9.655513763427734
ABIDEII-UCLA_1,ElasticNet,False,sub-29753,9.25,-0.9083658995411952
ABIDEII-UCLA_1,ElasticNet,False,sub-29748,7.76454,5.892047514546562
ABIDEII-UCLA_1,ElasticNet,False,sub-29746,9.0,9.640265261276227
ABIDEII-UCLA_1,ElasticNet,False,sub-29745,9.27036,18.240678888919433
ABIDEII-UCLA_1,ElasticNet,False,sub-29747,8.58333,9.288383809104289
ABIDEII-UCLA_1,ElasticNet,False,sub-29749,7.76454,7.0857109609072495
ABIDEII-UCLA_1,ElasticNet,False,sub-29750,8.58333,1.2270804464601497
ABIDEII-UCLA_1,ElasticNet,False,sub-29756,12.97,27.922991076863354
ABIDEII-UCLA_1,ElasticNet,False,sub-29758,13.8645,18.584458429776532
ABIDEII-UCLA_1,ElasticNet,False,sub-29755,8.33333,3.3422911885048734
ABIDEII-UCLA_1,ElasticNet,False,sub-29754,8.08333,13.8474963604624
ABIDEII-UCLA_1,ElasticNet,False,sub-29752,9.01574,7.887987856582981
ABIDEII-UCLA_1,ElasticNet,False,sub-29744,9.08333,4.781951365820419
ABIDEII-UCLA_1,ElasticNet,False,sub-29757,14.09,14.39792471094745
ABIDEII-UCLA_1,ElasticNet,False,sub-29759,11.5072,12.878779073904184
ABIDEII-UCLA_1,RandomForest,False,sub-29753,9.25,8.88730344603174
ABIDEII-UCLA_1,RandomForest,False,sub-29748,7.76454,8.085606833492058
ABIDEII-UCLA_1,RandomForest,False,sub-29746,9.0,9.606304200912698
ABIDEII-UCLA_1,RandomForest,False,sub-29745,9.27036,15.429360560129874
ABIDEII-UCLA_1,RandomForest,False,sub-29747,8.58333,9.245395480595239
ABIDEII-UCLA_1,RandomForest,False,sub-29749,7.76454,8.508801403888889
ABIDEII-UCLA_1,RandomForest,False,sub-29750,8.58333,9.108751541190477
ABIDEII-UCLA_1,RandomForest,False,sub-29756,12.97,23.25371685079366
ABIDEII-UCLA_1,RandomForest,False,sub-29758,13.8645,18.063388194285704
ABIDEII-UCLA_1,RandomForest,False,sub-29755,8.33333,9.569891041428571
ABIDEII-UCLA_1,RandomForest,False,sub-29754,8.08333,9.263723111587298
ABIDEII-UCLA_1,RandomForest,False,sub-29752,9.01574,9.66992038404762
ABIDEII-UCLA_1,RandomForest,False,sub-29744,9.08333,8.998063672499997
ABIDEII-UCLA_1,RandomForest,False,sub-29757,14.09,11.920075019761907
ABIDEII-UCLA_1,RandomForest,False,sub-29759,11.5072,11.080625024209956
ABIDEII-UCLA_1,XGBoost,False,sub-29753,9.25,9.370223999023438
ABIDEII-UCLA_1,XGBoost,False,sub-29748,7.76454,8.550679206848145
ABIDEII-UCLA_1,XGBoost,False,sub-29746,9.0,9.634211540222168
ABIDEII-UCLA_1,XGBoost,False,sub-29745,9.27036,15.52540111541748
ABIDEII-UCLA_1,XGBoost,False,sub-29747,8.58333,9.363931655883789
ABIDEII-UCLA_1,XGBoost,False,sub-29749,7.76454,8.369683265686035
ABIDEII-UCLA_1,XGBoost,False,sub-29750,8.58333,9.488996505737305
ABIDEII-UCLA_1,XGBoost,False,sub-29756,12.97,20.938003540039062
ABIDEII-UCLA_1,XGBoost,False,sub-29758,13.8645,17.278553009033203
ABIDEII-UCLA_1,XGBoost,False,sub-29755,8.33333,9.446455955505371
ABIDEII-UCLA_1,XGBoost,False,sub-29754,8.08333,8.620950698852539
ABIDEII-UCLA_1,XGBoost,False,sub-29752,9.01574,9.321834564208984
ABIDEII-UCLA_1,XGBoost,False,sub-29744,9.08333,9.198652267456055
ABIDEII-UCLA_1,XGBoost,False,sub-29757,14.09,11.161051750183105
ABIDEII-UCLA_1,XGBoost,False,sub-29759,11.5072,11.224916458129883
NKI2,ElasticNet,False,A00050848_session_1,16.0,27.025028168578274
NKI2,ElasticNet,False,A00055076_session_1,10.0,13.217678649262325
NKI2,ElasticNet,False,A00056920_session_1,10.0,-0.5565802227434915
NKI2,ElasticNet,False,A00055267_session_1,13.0,15.815316018637645
NKI2,ElasticNet,False,A00055122_session_1,15.0,29.43943271086175
NKI2,ElasticNet,False,A00054581_session_1,10.0,10.795520960718704
NKI2,ElasticNet,False,A00052461_session_1,14.0,21.152660140359444
NKI2,ElasticNet,False,A00053873_session_1,6.0,9.745081304806035
NKI2,ElasticNet,False,A00055462_session_1,15.0,12.296873095879391
NKI2,ElasticNet,False,A00053744_session_1,17.0,22.638302870799862
NKI2,ElasticNet,False,A00053390_session_1,14.0,25.485886069858907
NKI2,ElasticNet,False,A00053320_session_1,8.0,1.4469959161004908
NKI2,ElasticNet,False,A00053203_session_1,10.0,7.9733672549841685
NKI2,ElasticNet,False,A00052069_session_1,10.0,10.43836817321585
NKI2,ElasticNet,False,A00054206_session_1,14.0,18.394279915940615
NKI2,ElasticNet,False,A00060603_session_1,11.0,14.708298663010964
NKI2,ElasticNet,False,A00056605_session_1,14.0,27.535776145729415
NKI2,ElasticNet,False,A00055693_session_1,8.0,7.7703520050341695
NKI2,ElasticNet,False,A00055727_session_1,8.0,11.235922701464688
NKI2,ElasticNet,False,A00052183_session_1,16.0,20.238191913120545
NKI2,ElasticNet,False,A00056470_session_1,12.0,17.656894882930374
NKI2,ElasticNet,False,A00056420_session_1,9.0,11.997952789565034
NKI2,ElasticNet,False,A00056307_session_1,8.0,0.9912186415941733
NKI2,ElasticNet,False,A00056295_session_1,12.0,13.571890648862563
NKI2,ElasticNet,False,A00056198_session_1,9.0,9.766499415996805
NKI2,ElasticNet,False,A00056138_session_1,15.0,15.408281626178564
NKI2,ElasticNet,False,A00056022_session_1,9.0,4.2492884359973
NKI2,ElasticNet,False,A00055991_session_1,15.0,28.649737349464658
NKI2,ElasticNet,False,A00055920_session_1,9.0,18.65643643279509
NKI2,ElasticNet,False,A00055903_session_1,8.0,11.485485849713655
NKI2,ElasticNet,False,A00055867_session_1,15.0,17.182300239642927
NKI2,ElasticNet,False,A00055866_session_1,9.0,13.02439597279897
NKI2,ElasticNet,False,A00055728_session_1,9.0,3.965313123804549
NKI2,ElasticNet,False,A00053490_session_1,12.0,15.767738934397812
NKI2,ElasticNet,False,A00051727_session_1,15.0,34.30798162577548
NKI2,ElasticNet,False,A00043788_session_1,13.0,23.61117745935678
NKI2,ElasticNet,False,A00051691_session_1,6.0,8.671713416074795
NKI2,ElasticNet,False,A00058229_session_1,15.0,22.22552242225447
NKI2,ElasticNet,False,A00057480_session_1,10.0,3.3485747251802422
NKI2,ElasticNet,False,A00057725_session_1,7.0,5.157127201370599
NKI2,ElasticNet,False,A00058053_session_1,14.0,17.699614891230567
NKI2,ElasticNet,False,A00058060_session_1,8.0,11.341432300987435
NKI2,ElasticNet,False,A00058061_session_1,10.0,14.561760400146795
NKI2,ElasticNet,False,A00018030_session_1,13.0,24.995304540619713
NKI2,ElasticNet,False,A00057405_session_1,13.0,20.547486935330653
NKI2,ElasticNet,False,A00058516_session_1,10.0,7.720005916856394
NKI2,ElasticNet,False,A00059865_session_1,14.0,18.150164585634116
NKI2,ElasticNet,False,A00060280_session_1,16.0,20.393263904765263
NKI2,ElasticNet,False,A00060384_session_1,12.0,19.24637782779496
NKI2,ElasticNet,False,A00059325_session_1,12.0,13.42599334867623
NKI2,ElasticNet,False,A00060429_session_1,10.0,21.387039708120597
NKI2,ElasticNet,False,A00055612_session_1,8.0,3.0024455264517655
NKI2,ElasticNet,False,A00058215_session_1,6.0,10.38968005293816
NKI2,ElasticNet,False,A00056679_session_1,9.0,18.88729709969482
NKI2,ElasticNet,False,A00027159_session_1,13.0,12.19643135161391
NKI2,ElasticNet,False,A00027439_session_1,17.0,21.78961058624111
NKI2,ElasticNet,False,A00027167_session_1,16.0,27.8039880805444
NKI2,ElasticNet,False,A00043740_session_1,14.0,32.49345042798427
NKI2,ElasticNet,False,A00043494_session_1,9.0,1.4862530939195722
NKI2,ElasticNet,False,A00043240_session_1,15.0,23.45929413715578
NKI2,ElasticNet,False,A00040815_session_1,9.0,12.647045277765642
NKI2,ElasticNet,False,A00040800_session_1,16.0,25.752153457651616
NKI2,ElasticNet,False,A00040798_session_1,11.0,12.580389944116405
NKI2,ElasticNet,False,A00040556_session_1,9.0,12.24556911905529
NKI2,ElasticNet,False,A00035945_session_1,14.0,35.04523141442337
NKI2,ElasticNet,False,A00035940_session_1,17.0,19.568680249912745
NKI2,ElasticNet,False,A00035561_session_1,12.0,13.735180450125881
NKI2,ElasticNet,False,A00035377_session_1,16.0,23.657428220371912
NKI2,ElasticNet,False,A00035292_session_1,12.0,15.70589185131064
NKI2,ElasticNet,False,A00034350_session_1,13.0,20.061864529588547
NKI2,ElasticNet,False,A00031881_session_1,17.0,20.064464396023368
NKI2,ElasticNet,False,A00033714_session_1,16.0,19.915124936708366
NKI2,ElasticNet,False,A00056746_session_1,8.0,2.577320702891143
NKI2,RandomForest,False,A00050848_session_1,16.0,22.336030053765644
NKI2,RandomForest,False,A00055076_session_1,10.0,12.187192883956055
NKI2,RandomForest,False,A00056920_session_1,10.0,9.791631023860745
NKI2,RandomForest,False,A00055267_session_1,13.0,12.850017213566497
NKI2,RandomForest,False,A00055122_session_1,15.0,26.082508180039945
NKI2,RandomForest,False,A00054581_session_1,10.0,12.84822016865201
NKI2,RandomForest,False,A00052461_session_1,14.0,19.563377200191265
NKI2,RandomForest,False,A00053873_session_1,6.0,10.216992252934164
NKI2,RandomForest,False,A00055462_session_1,15.0,12.147613855324458
NKI2,RandomForest,False,A00053744_session_1,17.0,15.810769846334743
NKI2,RandomForest,False,A00053390_session_1,14.0,17.89938608935988
NKI2,RandomForest,False,A00053320_session_1,8.0,9.252211413059593
NKI2,RandomForest,False,A00053203_session_1,10.0,10.805881680370996
NKI2,RandomForest,False,A00052069_session_1,10.0,11.158804489971134
NKI2,RandomForest,False,A00054206_session_1,14.0,14.121212786368242
NKI2,RandomForest,False,A00060603_session_1,11.0,12.003744869312904
NKI2,RandomForest,False,A00056605_session_1,14.0,18.80436618161338
NKI2,RandomForest,False,A00055693_session_1,8.0,9.834245435000698
NKI2,RandomForest,False,A00055727_session_1,8.0,10.311895308643129
NKI2,RandomForest,False,A00052183_session_1,16.0,17.474012166060373
NKI2,RandomForest,False,A00056470_session_1,12.0,15.285025018920608
NKI2,RandomForest,False,A00056420_session_1,9.0,12.004620359423598
NKI2,RandomForest,False,A00056307_session_1,8.0,10.024116349424084
NKI2,RandomForest,False,A00056295_session_1,12.0,12.384092955106755
NKI2,RandomForest,False,A00056198_session_1,9.0,9.852750748792046
NKI2,RandomForest,False,A00056138_session_1,15.0,15.047683191937931
NKI2,RandomForest,False,A00056022_session_1,9.0,9.994065421138927
NKI2,RandomForest,False,A00055991_session_1,15.0,20.018636791124436
NKI2,RandomForest,False,A00055920_session_1,9.0,13.63334056789036
NKI2,RandomForest,False,A00055903_session_1,8.0,10.464538459327564
NKI2,RandomForest,False,A00055867_session_1,15.0,14.199475523937615
NKI2,RandomForest,False,A00055866_session_1,9.0,11.331342028906032
NKI2,RandomForest,False,A00055728_session_1,9.0,9.846550644573714
NKI2,RandomForest,False,A00053490_session_1,12.0,13.086730651358994
NKI2,RandomForest,False,A00051727_session_1,15.0,26.15103994665741
NKI2,RandomForest,False,A00043788_session_1,13.0,19.826130854698384
NKI2,RandomForest,False,A00051691_session_1,6.0,11.268573204781017
NKI2,RandomForest,False,A00058229_session_1,15.0,17.936748981706035
NKI2,RandomForest,False,A00057480_session_1,10.0,11.099186207846413
NKI2,RandomForest,False,A00057725_session_1,7.0,9.54740112267219
NKI2,RandomForest,False,A00058053_session_1,14.0,13.070697711746474
NKI2,RandomForest,False,A00058060_session_1,8.0,9.676261455150136
NKI2,RandomForest,False,A00058061_session_1,10.0,11.428124265294347
NKI2,RandomForest,False,A00018030_session_1,13.0,17.90702925015951
NKI2,RandomForest,False,A00057405_session_1,13.0,13.919745570196937
NKI2,RandomForest,False,A00058516_session_1,10.0,10.805314042927053
NKI2,RandomForest,False,A00059865_session_1,14.0,13.159739166588842
NKI2,RandomForest,False,A00060280_session_1,16.0,19.49555823142409
NKI2,RandomForest,False,A00060384_session_1,12.0,12.767037086833373
NKI2,RandomForest,False,A00059325_session_1,12.0,11.808697764213937
NKI2,RandomForest,False,A00060429_session_1,10.0,15.456478194542681
NKI2,RandomForest,False,A00055612_session_1,8.0,10.92546853936008
NKI2,RandomForest,False,A00058215_session_1,6.0,9.451364746370157
NKI2,RandomForest,False,A00056679_session_1,9.0,12.166736026409877
NKI2,RandomForest,False,A00027159_session_1,13.0,12.889287028838543
NKI2,RandomForest,False,A00027439_session_1,17.0,20.312502527770675
NKI2,RandomForest,False,A00027167_session_1,16.0,18.4561422877652
NKI2,RandomForest,False,A00043740_session_1,14.0,25.6675481015804
NKI2,RandomForest,False,A00043494_session_1,9.0,10.8602946948171
NKI2,RandomForest,False,A00043240_session_1,15.0,20.115316517582276
NKI2,RandomForest,False,A00040815_session_1,9.0,12.538935806019245
NKI2,RandomForest,False,A00040800_session_1,16.0,23.472053078957618
NKI2,RandomForest,False,A00040798_session_1,11.0,11.882851577741334
NKI2,RandomForest,False,A00040556_session_1,9.0,12.359805713261022
NKI2,RandomForest,False,A00035945_session_1,14.0,33.814160531054
NKI2,RandomForest,False,A00035940_session_1,17.0,17.636236812890782
NKI2,RandomForest,False,A00035561_session_1,12.0,13.15541224378153
NKI2,RandomForest,False,A00035377_session_1,16.0,18.971225214197993
NKI2,RandomForest,False,A00035292_session_1,12.0,13.50333105646089
NKI2,RandomForest,False,A00034350_session_1,13.0,15.206777144093213
NKI2,RandomForest,False,A00031881_session_1,17.0,18.694190861892682
NKI2,RandomForest,False,A00033714_session_1,16.0,18.10450953403926
NKI2,RandomForest,False,A00056746_session_1,8.0,10.956001625504468
NKI2,XGBoost,False,A00050848_session_1,16.0,23.198226928710938
NKI2,XGBoost,False,A00055076_session_1,10.0,12.962835311889648
NKI2,XGBoost,False,A00056920_session_1,10.0,9.736200332641602
NKI2,XGBoost,False,A00055267_session_1,13.0,13.30766773223877
NKI2,XGBoost,False,A00055122_session_1,15.0,25.49770164489746
NKI2,XGBoost,False,A00054581_session_1,10.0,11.552407264709473
NKI2,XGBoost,False,A00052461_session_1,14.0,19.240371704101562
NKI2,XGBoost,False,A00053873_session_1,6.0,10.414958953857422
NKI2,XGBoost,False,A00055462_session_1,15.0,12.081121444702148
NKI2,XGBoost,False,A00053744_session_1,17.0,17.565935134887695
NKI2,XGBoost,False,A00053390_session_1,14.0,18.272655487060547
NKI2,XGBoost,False,A00053320_session_1,8.0,8.848379135131836
NKI2,XGBoost,False,A00053203_session_1,10.0,10.649263381958008
NKI2,XGBoost,False,A00052069_session_1,10.0,11.265458106994629
NKI2,XGBoost,False,A00054206_session_1,14.0,12.954500198364258
NKI2,XGBoost,False,A00060603_session_1,11.0,12.010242462158203
NKI2,XGBoost,False,A00056605_session_1,14.0,18.582494735717773
NKI2,XGBoost,False,A00055693_session_1,8.0,9.786314010620117
NKI2,XGBoost,False,A00055727_session_1,8.0,10.830381393432617
NKI2,XGBoost,False,A00052183_session_1,16.0,17.926713943481445
NKI2,XGBoost,False,A00056470_session_1,12.0,14.951764106750488
NKI2,XGBoost,False,A00056420_session_1,9.0,11.93796157836914
NKI2,XGBoost,False,A00056307_session_1,8.0,9.258111000061035
NKI2,XGBoost,False,A00056295_session_1,12.0,12.719284057617188
NKI2,XGBoost,False,A00056198_session_1,9.0,10.518170356750488
NKI2,XGBoost,False,A00056138_session_1,15.0,13.712491035461426
NKI2,XGBoost,False,A00056022_session_1,9.0,9.851778984069824
NKI2,XGBoost,False,A00055991_session_1,15.0,19.283931732177734
NKI2,XGBoost,False,A00055920_session_1,9.0,14.077149391174316
NKI2,XGBoost,False,A00055903_session_1,8.0,10.681863784790039
NKI2,XGBoost,False,A00055867_session_1,15.0,15.70463752746582
NKI2,XGBoost,False,A00055866_session_1,9.0,12.628582954406738
NKI2,XGBoost,False,A00055728_session_1,9.0,10.28022289276123
NKI2,XGBoost,False,A00053490_session_1,12.0,13.73789119720459
NKI2,XGBoost,False,A00051727_session_1,15.0,24.45781898498535
NKI2,XGBoost,False,A00043788_session_1,13.0,21.105972290039062
NKI2,XGBoost,False,A00051691_session_1,6.0,11.520700454711914
NKI2,XGBoost,False,A00058229_session_1,15.0,19.063249588012695
NKI2,XGBoost,False,A00057480_session_1,10.0,10.899413108825684
NKI2,XGBoost,False,A00057725_session_1,7.0,9.60400676727295
NKI2,XGBoost,False,A00058053_session_1,14.0,12.897037506103516
NKI2,XGBoost,False,A00058060_session_1,8.0,10.232659339904785
NKI2,XGBoost,False,A00058061_session_1,10.0,11.130126953125
NKI2,XGBoost,False,A00018030_session_1,13.0,17.779987335205078
NKI2,XGBoost,False,A00057405_session_1,13.0,13.90335750579834
NKI2,XGBoost,False,A00058516_session_1,10.0,11.238831520080566
NKI2,XGBoost,False,A00059865_session_1,14.0,12.913060188293457
NKI2,XGBoost,False,A00060280_session_1,16.0,19.020675659179688
NKI2,XGBoost,False,A00060384_session_1,12.0,12.349109649658203
NKI2,XGBoost,False,A00059325_session_1,12.0,12.205790519714355
NKI2,XGBoost,False,A00060429_session_1,10.0,15.559342384338379
NKI2,XGBoost,False,A00055612_session_1,8.0,10.8143949508667
NKI2,XGBoost,False,A00058215_session_1,6.0,9.921382904052734
NKI2,XGBoost,False,A00056679_session_1,9.0,12.465664863586426
NKI2,XGBoost,False,A00027159_session_1,13.0,12.085134506225586
NKI2,XGBoost,False,A00027439_session_1,17.0,20.755651473999023
NKI2,XGBoost,False,A00027167_session_1,16.0,19.293638229370117
NKI2,XGBoost,False,A00043740_session_1,14.0,25.47569465637207
NKI2,XGBoost,False,A00043494_session_1,9.0,10.639777183532715
NKI2,XGBoost,False,A00043240_session_1,15.0,20.136674880981445
NKI2,XGBoost,False,A00040815_session_1,9.0,12.419554710388184
NKI2,XGBoost,False,A00040800_session_1,16.0,22.635072708129883
NKI2,XGBoost,False,A00040798_session_1,11.0,11.590815544128418
NKI2,XGBoost,False,A00040556_session_1,9.0,12.027562141418457
NKI2,XGBoost,False,A00035945_session_1,14.0,33.49116516113281
NKI2,XGBoost,False,A00035940_session_1,17.0,18.44606590270996
NKI2,XGBoost,False,A00035561_session_1,12.0,14.302336692810059
NKI2,XGBoost,False,A00035377_session_1,16.0,19.94928741455078
NKI2,XGBoost,False,A00035292_session_1,12.0,13.633993148803711
NKI2,XGBoost,False,A00034350_session_1,13.0,15.026524543762207
NKI2,XGBoost,False,A00031881_session_1,17.0,18.233983993530273
NKI2,XGBoost,False,A00033714_session_1,16.0,20.07322883605957
NKI2,XGBoost,False,A00056746_session_1,8.0,10.656835556030273
IXI-Guys,ElasticNet,False,IXI247-Guys-0838,29.82,31.33621366888883
IXI-Guys,ElasticNet,False,IXI129-Guys-0775,23.04,32.701246448360735
IXI-Guys,ElasticNet,False,IXI249-Guys-1072,68.27,46.01695739315596
IXI-Guys,ElasticNet,False,IXI029-Guys-0829,59.22,41.91524650384224
IXI-Guys,ElasticNet,False,IXI028-Guys-1038,74.03,46.071289550169126
IXI-Guys,ElasticNet,False,IXI208-Guys-0808,34.0,33.573596843465
IXI-Guys,ElasticNet,False,IXI222-Guys-0819,36.06,43.99172800200995
IXI-Guys,ElasticNet,False,IXI251-Guys-1055,80.17,41.8850227079555
IXI-Guys,ElasticNet,False,IXI227-Guys-0813,67.06,40.583208452778194
IXI-Guys,ElasticNet,False,IXI250-Guys-0836,72.88,40.93700265161783
IXI-Guys,ElasticNet,False,IXI026-Guys-0696,34.48,32.62866812815389
IXI-Guys,ElasticNet,False,IXI264-Guys-0854,44.88,47.85534628633002
IXI-Guys,ElasticNet,False,IXI265-Guys-0845,27.38,36.509760718106236
IXI-Guys,ElasticNet,False,IXI025-Guys-0852,29.78,35.10217523096355
IXI-Guys,ElasticNet,False,IXI098-Guys-0745,29.73,25.514170351135135
IXI-Guys,ElasticNet,False,IXI024-Guys-0705,37.7,37.72288004762083
IXI-Guys,ElasticNet,False,IXI207-Guys-0809,40.36,35.510447957394604
IXI-Guys,ElasticNet,False,IXI229-Guys-0980,72.35,39.60366977382705
IXI-Guys,ElasticNet,False,IXI237-Guys-1049,78.2,58.732766121651935
IXI-Guys,ElasticNet,False,IXI210-Guys-0856,69.33,44.51671777437798
IXI-Guys,ElasticNet,False,IXI023-Guys-0699,33.08,32.271950747953724
IXI-Guys,ElasticNet,False,IXI037-Guys-0704,37.21,37.284530953020294
IXI-Guys,ElasticNet,False,IXI036-Guys-0736,23.54,24.737530912198622
IXI-Guys,ElasticNet,False,IXI031-Guys-0797,31.13,39.948261435919335
IXI-Guys,ElasticNet,False,IXI022-Guys-0701,30.67,34.46166067564195
IXI-Guys,ElasticNet,False,IXI030-Guys-0708,31.46,28.853671419822945
IXI-Guys,ElasticNet,False,IXI236-Guys-0817,25.71,30.451813245023118
IXI-Guys,ElasticNet,False,IXI224-Guys-0823,36.92,37.64971807852987
IXI-Guys,ElasticNet,False,IXI209-Guys-0804,32.64,36.541882864084755
IXI-Guys,ElasticNet,False,IXI240-Guys-0834,39.04,33.11919245621823
IXI-Guys,ElasticNet,False,IXI223-Guys-0830,63.25,37.639083554653894
IXI-Guys,ElasticNet,False,IXI244-Guys-0841,49.04,37.94734040700189
IXI-Guys,ElasticNet,False,IXI241-Guys-0833,30.01,28.473803432319073
IXI-Guys,ElasticNet,False,IXI064-Guys-0743,20.07,28.557216136176976
IXI-Guys,ElasticNet,False,IXI268-Guys-0858,44.92,31.805003951913136
IXI-Guys,ElasticNet,False,IXI027-Guys-0710,30.42,30.91894699589932
IXI-Guys,ElasticNet,False,IXI017-Guys-0698,29.09,31.076366096119955
IXI-Guys,ElasticNet,False,IXI285-Guys-0857,40.81,29.31817043890544
IXI-Guys,ElasticNet,False,IXI016-Guys-0697,55.17,43.57681016663162
IXI-Guys,ElasticNet,False,IXI269-Guys-0839,26.58,27.860743685267607
IXI-Guys,ElasticNet,False,IXI002-Guys-0828,35.8,32.59585242531409
IXI-Guys,ElasticNet,False,IXI320-Guys-0902,29.74,23.90202016763908
IXI-Guys,ElasticNet,False,IXI321-Guys-0903,54.74,45.17092124695057
IXI-Guys,ElasticNet,False,IXI312-Guys-0887,59.15,41.802971804881054
IXI-Guys,ElasticNet,False,IXI324-Guys-0922,60.08,43.22434496031747
IXI-Guys,ElasticNet,False,IXI326-Guys-0907,67.74,35.970386778442844
IXI-Guys,ElasticNet,False,IXI084-Guys-0741,38.23,39.46234508703583
IXI-Guys,ElasticNet,False,IXI330-Guys-0881,44.48,35.06045386677147
IXI-Guys,ElasticNet,False,IXI342-Guys-0909,48.68,40.84652135637373
IXI-Guys,ElasticNet,False,IXI344-Guys-0905,62.09,36.752639937454546
IXI-Guys,ElasticNet,False,IXI348-Guys-0910,38.59,39.39558585979751
IXI-Guys,ElasticNet,False,IXI325-Guys-0911,52.67,36.84409320956695
IXI-Guys,ElasticNet,False,IXI266-Guys-0853,61.07,43.82666666135685
IXI-Guys,ElasticNet,False,IXI311-Guys-0885,61.59,40.26743986744634
IXI-Guys,ElasticNet,False,IXI308-Guys-0884,41.2,31.974503967045507
IXI-Guys,ElasticNet,False,IXI336-Guys-0904,67.77,37.92998898623853
IXI-Guys,ElasticNet,False,IXI317-Guys-0896,67.79,39.3414144713106
IXI-Guys,ElasticNet,False,IXI279-Guys-1044,51.88,40.43428315415463
IXI-Guys,ElasticNet,False,IXI197-Guys-0811,60.46,40.896789642186604
IXI-Guys,ElasticNet,False,IXI299-Guys-0893,53.41,44.44579484762676
IXI-Guys,ElasticNet,False,IXI286-Guys-0859,54.28,32.81319316684824
IXI-Guys,ElasticNet,False,IXI287-Guys-0863,44.99,42.9960306389263
IXI-Guys,ElasticNet,False,IXI288-Guys-0879,78.58,44.59482082862087
IXI-Guys,ElasticNet,False,IXI019-Guys-0702,58.66,33.24449358023753
IXI-Guys,ElasticNet,False,IXI289-Guys-0864,60.84,41.849576276133575
IXI-Guys,ElasticNet,False,IXI297-Guys-0886,51.29,45.19132530508671
IXI-Guys,ElasticNet,False,IXI225-Guys-0832,47.01,42.917920992449694
IXI-Guys,ElasticNet,False,IXI298-Guys-0861,43.46,39.72356449862036
IXI-Guys,ElasticNet,False,IXI318-Guys-0895,54.49,38.890276870337516
IXI-Guys,ElasticNet,False,IXI304-Guys-0862,46.59,37.092000518531904
IXI-Guys,ElasticNet,False,IXI021-Guys-0703,21.57,34.307122117290874
IXI-Guys,ElasticNet,False,IXI020-Guys-0700,39.47,36.88297792470007
IXI-Guys,ElasticNet,False,IXI200-Guys-0812,49.92,37.733993691063915
IXI-Guys,ElasticNet,False,IXI199-Guys-0802,63.66,41.39811256326095
IXI-Guys,ElasticNet,False,IXI198-Guys-0803,45.26,36.51926606710083
IXI-Guys,ElasticNet,False,IXI300-Guys-0880,38.28,35.26132262374415
IXI-Guys,ElasticNet,False,IXI099-Guys-0748,51.75,32.90892434488353
IXI-Guys,ElasticNet,False,IXI188-Guys-0798,44.02,38.36393106674916
IXI-Guys,ElasticNet,False,IXI053-Guys-0727,53.31,36.31278917422969
IXI-Guys,ElasticNet,False,IXI108-Guys-0865,43.16,32.32133009855727
IXI-Guys,ElasticNet,False,IXI100-Guys-0747,41.51,33.95799651587561
IXI-Guys,ElasticNet,False,IXI101-Guys-0749,45.77,31.86763549602722
IXI-Guys,ElasticNet,False,IXI087-Guys-0768,25.66,22.54193269254222
IXI-Guys,ElasticNet,False,IXI103-Guys-0750,31.81,32.24164559897258
IXI-Guys,ElasticNet,False,IXI106-Guys-0760,36.67,31.245028634383516
IXI-Guys,ElasticNet,False,IXI050-Guys-0711,63.19,30.56623436666689
IXI-Guys,ElasticNet,False,IXI107-Guys-0761,31.9,35.45487667010707
IXI-Guys,ElasticNet,False,IXI109-Guys-0732,36.47,37.6612776500242
IXI-Guys,ElasticNet,False,IXI116-Guys-0739,23.85,30.954022582176663
IXI-Guys,ElasticNet,False,IXI110-Guys-0733,37.77,35.29219919698187
IXI-Guys,ElasticNet,False,IXI111-Guys-0734,25.19,25.623902549482523
IXI-Guys,ElasticNet,False,IXI046-Guys-0824,37.73,35.518752368393166
IXI-Guys,ElasticNet,False,IXI113-Guys-0776,32.36,38.43828509264256
IXI-Guys,ElasticNet,False,IXI045-Guys-0713,40.04,34.99704709139098
IXI-Guys,ElasticNet,False,IXI055-Guys-0730,49.4,38.45588878046203
IXI-Guys,ElasticNet,False,IXI112-Guys-0735,23.7,27.799303278191815
IXI-Guys,ElasticNet,False,IXI075-Guys-0754,35.99,38.34523552000098
IXI-Guys,ElasticNet,False,IXI061-Guys-0715,59.0,44.38483976672262
IXI-Guys,ElasticNet,False,IXI123-Guys-0774,46.58,44.03711394487209
IXI-Guys,ElasticNet,False,IXI085-Guys-0759,31.85,38.750236449994986
IXI-Guys,ElasticNet,False,IXI060-Guys-0709,30.7,24.75780506701392
IXI-Guys,ElasticNet,False,IXI091-Guys-0762,28.61,25.819045698747118
IXI-Guys,ElasticNet,False,IXI065-Guys-0744,23.72,33.35481988475465
IXI-Guys,ElasticNet,False,IXI066-Guys-0731,46.17,32.04420373179812
IXI-Guys,ElasticNet,False,IXI068-Guys-0756,24.57,32.55320750879753
IXI-Guys,ElasticNet,False,IXI114-Guys-0737,65.41,49.732520167254165
IXI-Guys,ElasticNet,False,IXI062-Guys-0740,36.22,38.24846287473531
IXI-Guys,ElasticNet,False,IXI070-Guys-0767,20.7,31.244198486928894
IXI-Guys,ElasticNet,False,IXI071-Guys-0770,37.0,35.829090646395116
IXI-Guys,ElasticNet,False,IXI073-Guys-0755,46.37,44.30964058404288
IXI-Guys,ElasticNet,False,IXI074-Guys-0771,22.53,31.52221322648677
IXI-Guys,ElasticNet,False,IXI076-Guys-0753,55.83,42.15631180366893
IXI-Guys,ElasticNet,False,IXI078-Guys-0751,28.51,31.624178103418103
IXI-Guys,ElasticNet,False,IXI069-Guys-0769,26.27,40.32061296644838
IXI-Guys,ElasticNet,False,IXI115-Guys-0738,72.13,39.214108915269776
IXI-Guys,ElasticNet,False,IXI086-Guys-0728,30.07,26.795570078228366
IXI-Guys,ElasticNet,False,IXI185-Guys-0795,83.46,33.850673575581254
IXI-Guys,ElasticNet,False,IXI182-Guys-0792,60.97,33.69288809563011
IXI-Guys,ElasticNet,False,IXI077-Guys-0752,36.48,33.32990209740194
IXI-Guys,ElasticNet,False,IXI118-Guys-0764,25.93,37.95668471479269
IXI-Guys,ElasticNet,False,IXI044-Guys-0712,44.85,40.47638078986017
IXI-Guys,ElasticNet,False,IXI119-Guys-0765,32.17,32.047366083643624
IXI-Guys,ElasticNet,False,IXI158-Guys-0783,75.63,46.2061417636512
IXI-Guys,ElasticNet,False,IXI164-Guys-0844,64.47,40.23822765828493
IXI-Guys,ElasticNet,False,IXI184-Guys-0794,30.12,32.732371609546476
IXI-Guys,ElasticNet,False,IXI166-Guys-0846,41.2,32.83734638186786
IXI-Guys,ElasticNet,False,IXI170-Guys-0843,31.59,37.90704022824957
IXI-Guys,ElasticNet,False,IXI172-Guys-0982,74.99,36.45962292623801
IXI-Guys,ElasticNet,False,IXI177-Guys-0831,34.29,38.42918524251036
IXI-Guys,ElasticNet,False,IXI178-Guys-0778,25.41,27.011321605514468
IXI-Guys,ElasticNet,False,IXI179-Guys-0777,30.14,27.949000987890372
IXI-Guys,ElasticNet,False,IXI181-Guys-0790,45.7,36.74161047943255
IXI-Guys,ElasticNet,False,IXI157-Guys-0816,54.43,32.66688149648655
IXI-Guys,ElasticNet,False,IXI169-Guys-0842,58.77,39.47127054781038
IXI-Guys,ElasticNet,False,IXI246-Guys-0840,42.22,39.89865857875941
IXI-Guys,ElasticNet,False,IXI186-Guys-0796,61.15,44.49591351844674
IXI-Guys,ElasticNet,False,IXI122-Guys-0773,22.97,32.91909050583024
IXI-Guys,ElasticNet,False,IXI089-Guys-0757,49.4,40.70703119426878
IXI-Guys,ElasticNet,False,IXI063-Guys-0742,41.12,30.949067145229833
IXI-Guys,ElasticNet,False,IXI189-Guys-0799,41.72,35.7681143263552
IXI-Guys,ElasticNet,False,IXI191-Guys-0801,44.21,41.12391833974925
IXI-Guys,ElasticNet,False,IXI192-Guys-0878,38.94,30.899836804854317
IXI-Guys,ElasticNet,False,IXI193-Guys-0810,55.24,42.246029795654636
IXI-Guys,ElasticNet,False,IXI194-Guys-0818,48.33,37.97352380969403
IXI-Guys,ElasticNet,False,IXI054-Guys-0707,41.75,28.62910359935597
IXI-Guys,ElasticNet,False,IXI196-Guys-0805,29.11,31.186034597778985
IXI-Guys,ElasticNet,False,IXI156-Guys-0837,59.38,44.650389918647306
IXI-Guys,ElasticNet,False,IXI090-Guys-0800,41.82,36.529050740765
IXI-Guys,ElasticNet,False,IXI153-Guys-0782,22.43,31.552903198006447
IXI-Guys,ElasticNet,False,IXI043-Guys-0714,22.65,25.02106081473289
IXI-Guys,ElasticNet,False,IXI042-Guys-0725,27.82,35.253404231293985
IXI-Guys,ElasticNet,False,IXI120-Guys-0766,53.67,43.23264580715556
IXI-Guys,ElasticNet,False,IXI121-Guys-0772,35.07,31.0802621009027
IXI-Guys,ElasticNet,False,IXI183-Guys-0791,30.18,33.21680740729664
IXI-Guys,ElasticNet,False,IXI576-Guys-1077,67.33,49.26638436456051
IXI-Guys,ElasticNet,False,IXI270-Guys-0847,61.02,45.296864300973766
IXI-Guys,ElasticNet,False,IXI454-Guys-1083,32.58,34.94213406378617
IXI-Guys,ElasticNet,False,IXI138-Guys-0746,33.14,37.08799282893676
IXI-Guys,ElasticNet,False,IXI154-Guys-0821,24.34,36.248110883919594
IXI-Guys,ElasticNet,False,IXI139-Guys-0815,32.94,32.890623826895194
IXI-Guys,ElasticNet,False,IXI041-Guys-0706,27.39,30.546694941888518
IXI-Guys,ElasticNet,False,IXI141-Guys-0789,46.01,42.79605691047857
IXI-Guys,ElasticNet,False,IXI142-Guys-0786,48.25,40.595820027663876
IXI-Guys,ElasticNet,False,IXI143-Guys-0785,31.96,33.73501673949261
IXI-Guys,ElasticNet,False,IXI145-Guys-0781,49.39,43.901512477496
IXI-Guys,ElasticNet,False,IXI370-Guys-0921,60.6,46.223560499595465
IXI-Guys,ElasticNet,False,IXI350-Guys-0908,62.68,40.88916707378496
IXI-Guys,ElasticNet,False,IXI040-Guys-0724,44.09,42.09579039235689
IXI-Guys,ElasticNet,False,IXI038-Guys-0729,21.38,30.72319053536546
IXI-Guys,ElasticNet,False,IXI151-Guys-0793,45.39,42.377647110297744
IXI-Guys,ElasticNet,False,IXI140-Guys-0787,27.84,26.274615463769123
IXI-Guys,ElasticNet,False,IXI351-Guys-0914,56.92,38.754617075159786
IXI-Guys,ElasticNet,False,IXI144-Guys-0788,29.36,31.250123220102523
IXI-Guys,ElasticNet,False,IXI429-Guys-0997,55.54,45.72473478011693
IXI-Guys,ElasticNet,False,IXI496-Guys-1045,62.8,43.145731813353564
IXI-Guys,ElasticNet,False,IXI498-Guys-1050,76.78,47.79644779742455
IXI-Guys,ElasticNet,False,IXI499-Guys-1004,82.19,45.458632866452035
IXI-Guys,ElasticNet,False,IXI594-Guys-1089,62.0,41.65526007848075
IXI-Guys,ElasticNet,False,IXI500-Guys-1017,63.18,37.466576242285555
IXI-Guys,ElasticNet,False,IXI495-Guys-1009,60.87,44.50059570705332
IXI-Guys,ElasticNet,False,IXI578-Guys-1078,57.86,46.07796308734953
IXI-Guys,ElasticNet,False,IXI501-Guys-1016,67.11,38.31864568322999
IXI-Guys,ElasticNet,False,IXI502-Guys-1020,63.88,36.129325372229914
IXI-Guys,ElasticNet,False,IXI319-Guys-0901,59.47,41.09543673933763
IXI-Guys,ElasticNet,False,IXI503-Guys-1021,65.1,44.881188711081336
IXI-Guys,ElasticNet,False,IXI653-Guys-1122,46.22,34.942679748267096
IXI-Guys,ElasticNet,False,IXI652-Guys-1116,42.99,35.522035794874796
IXI-Guys,ElasticNet,False,IXI558-Guys-1079,66.86,44.592658220453586
IXI-Guys,ElasticNet,False,IXI432-Guys-0987,57.74,37.78760536805544
IXI-Guys,ElasticNet,False,IXI431-Guys-0986,58.78,38.397461811228595
IXI-Guys,ElasticNet,False,IXI494-Guys-1008,66.33,35.459912056268536
IXI-Guys,ElasticNet,False,IXI422-Guys-1071,37.1,35.24770138402744
IXI-Guys,ElasticNet,False,IXI554-Guys-1068,70.11,43.699095189533864
IXI-Guys,ElasticNet,False,IXI428-Guys-0996,55.54,42.96567765723978
IXI-Guys,ElasticNet,False,IXI497-Guys-1002,72.31,41.59054046618178
IXI-Guys,ElasticNet,False,IXI536-Guys-1059,58.83,34.63399763271957
IXI-Guys,ElasticNet,False,IXI621-Guys-1100,31.62,32.67746224370512
IXI-Guys,ElasticNet,False,IXI591-Guys-1084,59.89,45.05424678619033
IXI-Guys,ElasticNet,False,IXI592-Guys-1085,48.08,37.265629840605015
IXI-Guys,ElasticNet,False,IXI489-Guys-1014,69.07,38.31363921951777
IXI-Guys,ElasticNet,False,IXI490-Guys-1018,70.14,44.02602135286486
IXI-Guys,ElasticNet,False,IXI492-Guys-1022,69.29,44.57143588261249
IXI-Guys,ElasticNet,False,IXI593-Guys-1109,55.22,41.328826395472674
IXI-Guys,ElasticNet,False,IXI491-Guys-1032,75.97,42.982894456187296
IXI-Guys,ElasticNet,False,IXI648-Guys-1107,47.72,36.60408681194065
IXI-Guys,ElasticNet,False,IXI644-Guys-1121,56.87,35.31364730690541
IXI-Guys,ElasticNet,False,IXI555-Guys-1074,65.67,44.61845009204296
IXI-Guys,ElasticNet,False,IXI626-Guys-1094,64.27,37.44826165160225
IXI-Guys,ElasticNet,False,IXI625-Guys-1098,47.07,29.772749049844606
IXI-Guys,ElasticNet,False,IXI622-Guys-1102,59.69,36.127763217457414
IXI-Guys,ElasticNet,False,IXI134-Guys-0780,47.35,30.61745162391287
IXI-Guys,ElasticNet,False,IXI651-Guys-1118,50.4,37.94316727184071
IXI-Guys,ElasticNet,False,IXI662-Guys-1120,41.74,37.219088101679745
IXI-Guys,ElasticNet,False,IXI493-Guys-1007,67.77,37.4942694566879
IXI-Guys,ElasticNet,False,IXI534-Guys-1062,69.61,39.0396407346542
IXI-Guys,ElasticNet,False,IXI617-Guys-1090,39.18,36.36364038324177
IXI-Guys,ElasticNet,False,IXI616-Guys-1092,55.09,42.81829129164828
IXI-Guys,ElasticNet,False,IXI531-Guys-1057,75.94,35.242638206492416
IXI-Guys,ElasticNet,False,IXI533-Guys-1066,73.6,40.30608096241065
IXI-Guys,ElasticNet,False,IXI535-Guys-1061,65.26,40.02257392149011
IXI-Guys,ElasticNet,False,IXI640-Guys-1106,80.8,39.633125940767854
IXI-Guys,ElasticNet,False,IXI627-Guys-1103,68.48,36.20865279674058
IXI-Guys,ElasticNet,False,IXI629-Guys-1095,59.26,39.60923411936335
IXI-Guys,ElasticNet,False,IXI607-Guys-1097,83.81,36.057262310465376
IXI-Guys,ElasticNet,False,IXI504-Guys-1025,68.15,43.14035224176462
IXI-Guys,ElasticNet,False,IXI642-Guys-1104,57.07,41.01297783957739
IXI-Guys,ElasticNet,False,IXI641-Guys-1105,68.12,39.731444436336574
IXI-Guys,ElasticNet,False,IXI487-Guys-1037,66.28,38.07845058685302
IXI-Guys,ElasticNet,False,IXI618-Guys-1091,37.95,36.32600886998591
IXI-Guys,ElasticNet,False,IXI420-Guys-1028,73.18,31.89802188152771
IXI-Guys,ElasticNet,False,IXI639-Guys-1088,86.2,48.06557253690596
IXI-Guys,ElasticNet,False,IXI528-Guys-1073,40.53,31.518556531779723
IXI-Guys,ElasticNet,False,IXI506-Guys-1035,69.69,38.42423867476441
IXI-Guys,ElasticNet,False,IXI507-Guys-1036,71.66,42.918887410676575
IXI-Guys,ElasticNet,False,IXI552-Guys-1063,64.66,35.50852973064832
IXI-Guys,ElasticNet,False,IXI512-Guys-1054,64.75,34.32630807056546
IXI-Guys,ElasticNet,False,IXI551-Guys-1065,70.5,40.99210303317852
IXI-Guys,ElasticNet,False,IXI550-Guys-1069,59.91,40.562289537347624
IXI-Guys,ElasticNet,False,IXI549-Guys-1046,25.02,23.58721714887315
IXI-Guys,ElasticNet,False,IXI523-Guys-1056,63.42,38.62490689844765
IXI-Guys,ElasticNet,False,IXI419-Guys-1027,73.18,37.225880578807846
IXI-Guys,ElasticNet,False,IXI359-Guys-0918,62.06,39.34414675282483
IXI-Guys,ElasticNet,False,IXI486-Guys-1005,63.84,48.20943014260297
IXI-Guys,ElasticNet,False,IXI587-Guys-1128,33.59,35.07182163850939
IXI-Guys,ElasticNet,False,IXI392-Guys-1064,62.46,41.80357784688738
IXI-Guys,ElasticNet,False,IXI358-Guys-0919,62.06,42.354648655151664
IXI-Guys,ElasticNet,False,IXI582-Guys-1127,29.77,36.542373111354436
IXI-Guys,ElasticNet,False,IXI391-Guys-0934,52.53,38.73641018621856
IXI-Guys,ElasticNet,False,IXI630-Guys-1108,54.69,33.616092932267975
IXI-Guys,ElasticNet,False,IXI505-Guys-1026,62.25,39.2340543913424
IXI-Guys,ElasticNet,False,IXI458-Guys-0993,70.71,31.459605273492343
IXI-Guys,ElasticNet,False,IXI368-Guys-0916,54.21,42.07100379257395
IXI-Guys,ElasticNet,False,IXI418-Guys-0956,59.74,38.6748676684889
IXI-Guys,ElasticNet,False,IXI456-Guys-1019,70.25,45.31723398611257
IXI-Guys,ElasticNet,False,IXI381-Guys-1024,59.67,46.08452887685735
IXI-Guys,ElasticNet,False,IXI380-Guys-0944,66.91,41.02920999956325
IXI-Guys,ElasticNet,False,IXI393-Guys-0941,60.1,43.993407041483806
IXI-Guys,ElasticNet,False,IXI360-Guys-0912,54.19,40.07884867749317
IXI-Guys,ElasticNet,False,IXI361-Guys-0913,54.19,42.54168767230351
IXI-Guys,ElasticNet,False,IXI390-Guys-0931,41.89,39.564974033185536
IXI-Guys,ElasticNet,False,IXI455-Guys-0981,68.48,44.00681804125111
IXI-Guys,ElasticNet,False,IXI459-Guys-0992,62.43,45.88008383744159
IXI-Guys,ElasticNet,False,IXI364-Guys-0920,67.16,43.20445110367848
IXI-Guys,ElasticNet,False,IXI365-Guys-0923,66.53,39.550872991444635
IXI-Guys,ElasticNet,False,IXI367-Guys-0917,54.21,36.262663157575275
IXI-Guys,ElasticNet,False,IXI377-Guys-0937,72.59,46.439770454556424
IXI-Guys,ElasticNet,False,IXI450-Guys-1093,68.51,35.927374017938405
IXI-Guys,ElasticNet,False,IXI376-Guys-0938,72.59,47.20143728191306
IXI-Guys,ElasticNet,False,IXI449-Guys-1082,46.9,39.3173642699677
IXI-Guys,ElasticNet,False,IXI369-Guys-0924,60.6,40.38606160975621
IXI-Guys,ElasticNet,False,IXI389-Guys-0930,58.37,42.19212440653814
IXI-Guys,ElasticNet,False,IXI375-Guys-0925,41.06,36.074605825466165
IXI-Guys,ElasticNet,False,IXI412-Guys-0949,58.57,43.636995939098824
IXI-Guys,ElasticNet,False,IXI579-Guys-1126,41.22,34.739753243231576
IXI-Guys,ElasticNet,False,IXI394-Guys-0940,53.75,37.82485376672389
IXI-Guys,ElasticNet,False,IXI397-Guys-0953,51.66,39.04339467849741
IXI-Guys,ElasticNet,False,IXI560-Guys-1070,63.87,40.92863517482658
IXI-Guys,ElasticNet,False,IXI562-Guys-1131,42.79,35.49395582852139
IXI-Guys,ElasticNet,False,IXI480-Guys-1033,60.02,39.10625337204988
IXI-Guys,ElasticNet,False,IXI411-Guys-0959,53.41,39.581419481501484
IXI-Guys,ElasticNet,False,IXI417-Guys-0939,59.88,41.18932590910788
IXI-Guys,ElasticNet,False,IXI468-Guys-0985,67.7,35.71799911297637
IXI-Guys,ElasticNet,False,IXI467-Guys-0983,66.95,35.90967396165945
IXI-Guys,ElasticNet,False,IXI416-Guys-1051,72.15,47.31440523529386
IXI-Guys,ElasticNet,False,IXI415-Guys-0942,72.33,42.70555652537439
IXI-Guys,ElasticNet,False,IXI569-Guys-1101,56.96,36.85436880825512
IXI-Guys,ElasticNet,False,IXI414-Guys-0957,59.74,41.22951967110737
IXI-Guys,ElasticNet,False,IXI413-Guys-0955,59.84,50.59599665745134
IXI-Guys,ElasticNet,False,IXI479-Guys-1034,60.02,41.11540121067344
IXI-Guys,ElasticNet,False,IXI584-Guys-1129,41.33,35.2651893360337
IXI-Guys,ElasticNet,False,IXI585-Guys-1130,28.12,33.47410659603099
IXI-Guys,ElasticNet,False,IXI401-Guys-0978,55.58,43.771282444690996
IXI-Guys,ElasticNet,False,IXI408-Guys-0962,52.13,42.467647441115446
IXI-Guys,ElasticNet,False,IXI399-Guys-0966,73.54,42.05128916045794
IXI-Guys,ElasticNet,False,IXI400-Guys-0977,55.58,47.56251116490455
IXI-Guys,ElasticNet,False,IXI402-Guys-0961,53.54,39.27065768565501
IXI-Guys,ElasticNet,False,IXI460-Guys-0999,60.9,41.02116540409713
IXI-Guys,ElasticNet,False,IXI403-Guys-0965,53.54,30.19959799534547
IXI-Guys,ElasticNet,False,IXI410-Guys-0958,53.41,39.2671036663254
IXI-Guys,ElasticNet,False,IXI379-Guys-0943,66.91,43.22775458918977
IXI-Guys,ElasticNet,False,IXI404-Guys-0950,62.74,43.21320385926583
IXI-Guys,ElasticNet,False,IXI405-Guys-0948,58.57,41.55160344565843
IXI-Guys,ElasticNet,False,IXI406-Guys-0963,58.28,40.12009881850986
IXI-Guys,ElasticNet,False,IXI461-Guys-0998,60.9,43.8852540579403
IXI-Guys,ElasticNet,False,IXI407-Guys-0964,58.28,41.713748218280216
IXI-Guys,ElasticNet,False,IXI409-Guys-0960,70.95,49.252209371671256
IXI-Guys,ElasticNet,False,IXI135-Guys-0779,29.0,32.03735292561214
IXI-Guys,ElasticNet,False,IXI447-Guys-0979,72.83,44.228762909467605
IXI-Guys,ElasticNet,False,IXI398-Guys-0952,51.66,41.376908241580054
IXI-Guys,RandomForest,False,IXI247-Guys-0838,29.82,28.403199116272173
IXI-Guys,RandomForest,False,IXI129-Guys-0775,23.04,29.961305090880547
IXI-Guys,RandomForest,False,IXI249-Guys-1072,68.27,63.07824475235878
IXI-Guys,RandomForest,False,IXI029-Guys-0829,59.22,58.05625203814462
IXI-Guys,RandomForest,False,IXI028-Guys-1038,74.03,61.73317465103411
IXI-Guys,RandomForest,False,IXI208-Guys-0808,34.0,40.501374216864676
IXI-Guys,RandomForest,False,IXI222-Guys-0819,36.06,49.351048607047915
IXI-Guys,RandomForest,False,IXI251-Guys-1055,80.17,53.38985098073718
IXI-Guys,RandomForest,False,IXI227-Guys-0813,67.06,55.3060470940609
IXI-Guys,RandomForest,False,IXI250-Guys-0836,72.88,50.07441379837792
IXI-Guys,RandomForest,False,IXI026-Guys-0696,34.48,28.134419676346944
IXI-Guys,RandomForest,False,IXI264-Guys-0854,44.88,51.80264666255412
IXI-Guys,RandomForest,False,IXI265-Guys-0845,27.38,36.72451362442142
IXI-Guys,RandomForest,False,IXI025-Guys-0852,29.78,39.32766124154831
IXI-Guys,RandomForest,False,IXI098-Guys-0745,29.73,21.249284119967623
IXI-Guys,RandomForest,False,IXI024-Guys-0705,37.7,32.45704753571081
IXI-Guys,RandomForest,False,IXI207-Guys-0809,40.36,37.539107892454794
IXI-Guys,RandomForest,False,IXI229-Guys-0980,72.35,44.33951389378065
IXI-Guys,RandomForest,False,IXI237-Guys-1049,78.2,65.38788429100534
IXI-Guys,RandomForest,False,IXI210-Guys-0856,69.33,59.317178723063954
IXI-Guys,RandomForest,False,IXI023-Guys-0699,33.08,25.40467201272004
IXI-Guys,RandomForest,False,IXI037-Guys-0704,37.21,36.861616938733626
IXI-Guys,RandomForest,False,IXI036-Guys-0736,23.54,21.902691060536164
IXI-Guys,RandomForest,False,IXI031-Guys-0797,31.13,42.69768155308095
IXI-Guys,RandomForest,False,IXI022-Guys-0701,30.67,35.85937187970353
IXI-Guys,RandomForest,False,IXI030-Guys-0708,31.46,24.664222245206386
IXI-Guys,RandomForest,False,IXI236-Guys-0817,25.71,27.91842843098433
IXI-Guys,RandomForest,False,IXI224-Guys-0823,36.92,39.21245344796303
IXI-Guys,RandomForest,False,IXI209-Guys-0804,32.64,35.51684563953109
IXI-Guys,RandomForest,False,IXI240-Guys-0834,39.04,37.4371054461424
IXI-Guys,RandomForest,False,IXI223-Guys-0830,63.25,39.736809029700645
IXI-Guys,RandomForest,False,IXI244-Guys-0841,49.04,37.847306603874856
IXI-Guys,RandomForest,False,IXI241-Guys-0833,30.01,27.14076936618237
IXI-Guys,RandomForest,False,IXI064-Guys-0743,20.07,25.640352450053502
IXI-Guys,RandomForest,False,IXI268-Guys-0858,44.92,28.251444715882442
IXI-Guys,RandomForest,False,IXI027-Guys-0710,30.42,31.59674683653046
IXI-Guys,RandomForest,False,IXI017-Guys-0698,29.09,25.851594024346674
IXI-Guys,RandomForest,False,IXI285-Guys-0857,40.81,28.082231160730366
IXI-Guys,RandomForest,False,IXI016-Guys-0697,55.17,56.084247761904756
IXI-Guys,RandomForest,False,IXI269-Guys-0839,26.58,22.59597727157555
IXI-Guys,RandomForest,False,IXI002-Guys-0828,35.8,30.645789046215246
IXI-Guys,RandomForest,False,IXI320-Guys-0902,29.74,19.914255183823155
IXI-Guys,RandomForest,False,IXI321-Guys-0903,54.74,57.823136466089466
IXI-Guys,RandomForest,False,IXI312-Guys-0887,59.15,55.28245481327694
IXI-Guys,RandomForest,False,IXI324-Guys-0922,60.08,58.39820210784033
IXI-Guys,RandomForest,False,IXI326-Guys-0907,67.74,34.62627535898127
IXI-Guys,RandomForest,False,IXI084-Guys-0741,38.23,39.33240315677777
IXI-Guys,RandomForest,False,IXI330-Guys-0881,44.48,38.546553126845204
IXI-Guys,RandomForest,False,IXI342-Guys-0909,48.68,55.36055637734485
IXI-Guys,RandomForest,False,IXI344-Guys-0905,62.09,37.91316361679893
IXI-Guys,RandomForest,False,IXI348-Guys-0910,38.59,41.89266935846564
IXI-Guys,RandomForest,False,IXI325-Guys-0911,52.67,39.46622997242825
IXI-Guys,RandomForest,False,IXI266-Guys-0853,61.07,56.70769176459837
IXI-Guys,RandomForest,False,IXI311-Guys-0885,61.59,55.6102798152958
IXI-Guys,RandomForest,False,IXI308-Guys-0884,41.2,30.59209614217699
IXI-Guys,RandomForest,False,IXI336-Guys-0904,67.77,38.31948300767198
IXI-Guys,RandomForest,False,IXI317-Guys-0896,67.79,51.943507316102796
IXI-Guys,RandomForest,False,IXI279-Guys-1044,51.88,38.95621072782075
IXI-Guys,RandomForest,False,IXI197-Guys-0811,60.46,49.39872748343081
IXI-Guys,RandomForest,False,IXI299-Guys-0893,53.41,50.80152034418114
IXI-Guys,RandomForest,False,IXI286-Guys-0859,54.28,35.503350323437296
IXI-Guys,RandomForest,False,IXI287-Guys-0863,44.99,59.37210590016834
IXI-Guys,RandomForest,False,IXI288-Guys-0879,78.58,57.071455602453085
IXI-Guys,RandomForest,False,IXI019-Guys-0702,58.66,33.854382055052255
IXI-Guys,RandomForest,False,IXI289-Guys-0864,60.84,56.49392976755656
IXI-Guys,RandomForest,False,IXI297-Guys-0886,51.29,62.30967376185528
IXI-Guys,RandomForest,False,IXI225-Guys-0832,47.01,59.89928941822994
IXI-Guys,RandomForest,False,IXI298-Guys-0861,43.46,44.23824174119655
IXI-Guys,RandomForest,False,IXI318-Guys-0895,54.49,44.28411286940952
IXI-Guys,RandomForest,False,IXI304-Guys-0862,46.59,40.08976495037561
IXI-Guys,RandomForest,False,IXI021-Guys-0703,21.57,29.13644186380246
IXI-Guys,RandomForest,False,IXI020-Guys-0700,39.47,36.47192281203795
IXI-Guys,RandomForest,False,IXI200-Guys-0812,49.92,37.84357575661862
IXI-Guys,RandomForest,False,IXI199-Guys-0802,63.66,49.7876580739551
IXI-Guys,RandomForest,False,IXI198-Guys-0803,45.26,36.80439584488491
IXI-Guys,RandomForest,False,IXI300-Guys-0880,38.28,39.36199576847581
IXI-Guys,RandomForest,False,IXI099-Guys-0748,51.75,36.65317265167427
IXI-Guys,RandomForest,False,IXI188-Guys-0798,44.02,41.98541142546963
IXI-Guys,RandomForest,False,IXI053-Guys-0727,53.31,38.70982563243902
IXI-Guys,RandomForest,False,IXI108-Guys-0865,43.16,27.433500354470706
IXI-Guys,RandomForest,False,IXI100-Guys-0747,41.51,34.59382574670341
IXI-Guys,RandomForest,False,IXI101-Guys-0749,45.77,30.981481956133486
IXI-Guys,RandomForest,False,IXI087-Guys-0768,25.66,17.765302904288536
IXI-Guys,RandomForest,False,IXI103-Guys-0750,31.81,34.11268864173423
IXI-Guys,RandomForest,False,IXI106-Guys-0760,36.67,32.17856092428285
IXI-Guys,RandomForest,False,IXI050-Guys-0711,63.19,30.62436628485364
IXI-Guys,RandomForest,False,IXI107-Guys-0761,31.9,35.43234122115517
IXI-Guys,RandomForest,False,IXI109-Guys-0732,36.47,32.38448493412638
IXI-Guys,RandomForest,False,IXI116-Guys-0739,23.85,26.173018037721004
IXI-Guys,RandomForest,False,IXI110-Guys-0733,37.77,32.711314812245966
IXI-Guys,RandomForest,False,IXI111-Guys-0734,25.19,21.93971979770405
IXI-Guys,RandomForest,False,IXI046-Guys-0824,37.73,34.50695401203347
IXI-Guys,RandomForest,False,IXI113-Guys-0776,32.36,36.42609651706838
IXI-Guys,RandomForest,False,IXI045-Guys-0713,40.04,32.65451573131604
IXI-Guys,RandomForest,False,IXI055-Guys-0730,49.4,42.33795022598859
IXI-Guys,RandomForest,False,IXI112-Guys-0735,23.7,25.287878246266395
IXI-Guys,RandomForest,False,IXI075-Guys-0754,35.99,35.982913612577654
IXI-Guys,RandomForest,False,IXI061-Guys-0715,59.0,56.612112992785015
IXI-Guys,RandomForest,False,IXI123-Guys-0774,46.58,53.80712358645983
IXI-Guys,RandomForest,False,IXI085-Guys-0759,31.85,34.26412540738616
IXI-Guys,RandomForest,False,IXI060-Guys-0709,30.7,21.555536728268002
IXI-Guys,RandomForest,False,IXI091-Guys-0762,28.61,22.237815404801427
IXI-Guys,RandomForest,False,IXI065-Guys-0744,23.72,26.306590563335778
IXI-Guys,RandomForest,False,IXI066-Guys-0731,46.17,27.693271050826578
IXI-Guys,RandomForest,False,IXI068-Guys-0756,24.57,26.973320784633184
IXI-Guys,RandomForest,False,IXI114-Guys-0737,65.41,59.30125801346807
IXI-Guys,RandomForest,False,IXI062-Guys-0740,36.22,37.0737346139484
IXI-Guys,RandomForest,False,IXI070-Guys-0767,20.7,25.77258761733345
IXI-Guys,RandomForest,False,IXI071-Guys-0770,37.0,33.1774632557598
IXI-Guys,RandomForest,False,IXI073-Guys-0755,46.37,58.699431535353504
IXI-Guys,RandomForest,False,IXI074-Guys-0771,22.53,26.265772925760196
IXI-Guys,RandomForest,False,IXI076-Guys-0753,55.83,48.90522603058587
IXI-Guys,RandomForest,False,IXI078-Guys-0751,28.51,28.48021556904941
IXI-Guys,RandomForest,False,IXI069-Guys-0769,26.27,48.94685261664257
IXI-Guys,RandomForest,False,IXI115-Guys-0738,72.13,48.22113148448774
IXI-Guys,RandomForest,False,IXI086-Guys-0728,30.07,25.248258870272803
IXI-Guys,RandomForest,False,IXI185-Guys-0795,83.46,38.8451861181125
IXI-Guys,RandomForest,False,IXI182-Guys-0792,60.97,33.261809045260385
IXI-Guys,RandomForest,False,IXI077-Guys-0752,36.48,28.80014356597511
IXI-Guys,RandomForest,False,IXI118-Guys-0764,25.93,34.73047240302668
IXI-Guys,RandomForest,False,IXI044-Guys-0712,44.85,46.445038768760305
IXI-Guys,RandomForest,False,IXI119-Guys-0765,32.17,29.865472890927787
IXI-Guys,RandomForest,False,IXI158-Guys-0783,75.63,58.87150221380468
IXI-Guys,RandomForest,False,IXI164-Guys-0844,64.47,48.467779860547225
IXI-Guys,RandomForest,False,IXI184-Guys-0794,30.12,32.19660581954714
IXI-Guys,RandomForest,False,IXI166-Guys-0846,41.2,26.221516610677835
IXI-Guys,RandomForest,False,IXI170-Guys-0843,31.59,41.511139019594786
IXI-Guys,RandomForest,False,IXI172-Guys-0982,74.99,40.28679597344993
IXI-Guys,RandomForest,False,IXI177-Guys-0831,34.29,42.23389774475464
IXI-Guys,RandomForest,False,IXI178-Guys-0778,25.41,24.06331726669591
IXI-Guys,RandomForest,False,IXI179-Guys-0777,30.14,26.442538023321312
IXI-Guys,RandomForest,False,IXI181-Guys-0790,45.7,42.647797049596015
IXI-Guys,RandomForest,False,IXI157-Guys-0816,54.43,34.343842685593074
IXI-Guys,RandomForest,False,IXI169-Guys-0842,58.77,43.35823601544126
IXI-Guys,RandomForest,False,IXI246-Guys-0840,42.22,52.98986137496518
IXI-Guys,RandomForest,False,IXI186-Guys-0796,61.15,44.43896397953202
IXI-Guys,RandomForest,False,IXI122-Guys-0773,22.97,29.54133041378449
IXI-Guys,RandomForest,False,IXI089-Guys-0757,49.4,39.174733926436296
IXI-Guys,RandomForest,False,IXI063-Guys-0742,41.12,28.630294316590554
IXI-Guys,RandomForest,False,IXI189-Guys-0799,41.72,29.598322638366966
IXI-Guys,RandomForest,False,IXI191-Guys-0801,44.21,54.22309511228956
IXI-Guys,RandomForest,False,IXI192-Guys-0878,38.94,30.4841798102923
IXI-Guys,RandomForest,False,IXI193-Guys-0810,55.24,54.98879937496521
IXI-Guys,RandomForest,False,IXI194-Guys-0818,48.33,43.99106528807006
IXI-Guys,RandomForest,False,IXI054-Guys-0707,41.75,23.779731823784545
IXI-Guys,RandomForest,False,IXI196-Guys-0805,29.11,25.358788944214403
IXI-Guys,RandomForest,False,IXI156-Guys-0837,59.38,57.222324132539704
IXI-Guys,RandomForest,False,IXI090-Guys-0800,41.82,36.01305412463485
IXI-Guys,RandomForest,False,IXI153-Guys-0782,22.43,28.255681842053068
IXI-Guys,RandomForest,False,IXI043-Guys-0714,22.65,20.875492925380186
IXI-Guys,RandomForest,False,IXI042-Guys-0725,27.82,35.402152116301366
IXI-Guys,RandomForest,False,IXI120-Guys-0766,53.67,56.81655156565657
IXI-Guys,RandomForest,False,IXI121-Guys-0772,35.07,33.134513528647304
IXI-Guys,RandomForest,False,IXI183-Guys-0791,30.18,42.793716883456135
IXI-Guys,RandomForest,False,IXI576-Guys-1077,67.33,57.97988534112552
IXI-Guys,RandomForest,False,IXI270-Guys-0847,61.02,54.25610342253493
IXI-Guys,RandomForest,False,IXI454-Guys-1083,32.58,36.01470293779163
IXI-Guys,RandomForest,False,IXI138-Guys-0746,33.14,32.38479142209973
IXI-Guys,RandomForest,False,IXI154-Guys-0821,24.34,37.20043117544316
IXI-Guys,RandomForest,False,IXI139-Guys-0815,32.94,33.62755930500347
IXI-Guys,RandomForest,False,IXI041-Guys-0706,27.39,30.331695792305794
IXI-Guys,RandomForest,False,IXI141-Guys-0789,46.01,57.66655953884081
IXI-Guys,RandomForest,False,IXI142-Guys-0786,48.25,38.84827203684816
IXI-Guys,RandomForest,False,IXI143-Guys-0785,31.96,29.369396536986528
IXI-Guys,RandomForest,False,IXI145-Guys-0781,49.39,57.03557427049058
IXI-Guys,RandomForest,False,IXI370-Guys-0921,60.6,67.09913124603182
IXI-Guys,RandomForest,False,IXI350-Guys-0908,62.68,54.970948276547524
IXI-Guys,RandomForest,False,IXI040-Guys-0724,44.09,46.298709229104354
IXI-Guys,RandomForest,False,IXI038-Guys-0729,21.38,25.298989643104946
IXI-Guys,RandomForest,False,IXI151-Guys-0793,45.39,57.09967370055314
IXI-Guys,RandomForest,False,IXI140-Guys-0787,27.84,21.65050567972805
IXI-Guys,RandomForest,False,IXI351-Guys-0914,56.92,46.285994209621286
IXI-Guys,RandomForest,False,IXI144-Guys-0788,29.36,23.26277396089947
IXI-Guys,RandomForest,False,IXI429-Guys-0997,55.54,60.05710624622599
IXI-Guys,RandomForest,False,IXI496-Guys-1045,62.8,57.62416152931703
IXI-Guys,RandomForest,False,IXI498-Guys-1050,76.78,63.65584784434682
IXI-Guys,RandomForest,False,IXI499-Guys-1004,82.19,57.402129747330434
IXI-Guys,RandomForest,False,IXI594-Guys-1089,62.0,50.1471656642857
IXI-Guys,RandomForest,False,IXI500-Guys-1017,63.18,40.50565692431527
IXI-Guys,RandomForest,False,IXI495-Guys-1009,60.87,57.27311001503127
IXI-Guys,RandomForest,False,IXI578-Guys-1078,57.86,62.88684990442562
IXI-Guys,RandomForest,False,IXI501-Guys-1016,67.11,39.06382266096683
IXI-Guys,RandomForest,False,IXI502-Guys-1020,63.88,37.682787771721934
IXI-Guys,RandomForest,False,IXI319-Guys-0901,59.47,57.208418942881195
IXI-Guys,RandomForest,False,IXI503-Guys-1021,65.1,61.16065960031311
IXI-Guys,RandomForest,False,IXI653-Guys-1122,46.22,39.149461615577
IXI-Guys,RandomForest,False,IXI652-Guys-1116,42.99,38.673997160085804
IXI-Guys,RandomForest,False,IXI558-Guys-1079,66.86,57.50662657732084
IXI-Guys,RandomForest,False,IXI432-Guys-0987,57.74,40.9850158200723
IXI-Guys,RandomForest,False,IXI431-Guys-0986,58.78,45.398862642954604
IXI-Guys,RandomForest,False,IXI494-Guys-1008,66.33,36.064479736616164
IXI-Guys,RandomForest,False,IXI422-Guys-1071,37.1,32.99203294901842
IXI-Guys,RandomForest,False,IXI554-Guys-1068,70.11,60.37834457623719
IXI-Guys,RandomForest,False,IXI428-Guys-0996,55.54,54.39663496031749
IXI-Guys,RandomForest,False,IXI497-Guys-1002,72.31,54.690599630278996
IXI-Guys,RandomForest,False,IXI536-Guys-1059,58.83,31.097843645753436
IXI-Guys,RandomForest,False,IXI621-Guys-1100,31.62,29.04372030460069
IXI-Guys,RandomForest,False,IXI591-Guys-1084,59.89,57.82362738756612
IXI-Guys,RandomForest,False,IXI592-Guys-1085,48.08,42.2733103780477
IXI-Guys,RandomForest,False,IXI489-Guys-1014,69.07,41.9271367151158
IXI-Guys,RandomForest,False,IXI490-Guys-1018,70.14,59.540047289128005
IXI-Guys,RandomForest,False,IXI492-Guys-1022,69.29,57.8206759699375
IXI-Guys,RandomForest,False,IXI593-Guys-1109,55.22,50.81768491878308
IXI-Guys,RandomForest,False,IXI491-Guys-1032,75.97,58.02641140019241
IXI-Guys,RandomForest,False,IXI648-Guys-1107,47.72,41.159370583538895
IXI-Guys,RandomForest,False,IXI644-Guys-1121,56.87,35.336065612119334
IXI-Guys,RandomForest,False,IXI555-Guys-1074,65.67,61.10310336575135
IXI-Guys,RandomForest,False,IXI626-Guys-1094,64.27,40.996329813979315
IXI-Guys,RandomForest,False,IXI625-Guys-1098,47.07,29.986794317567995
IXI-Guys,RandomForest,False,IXI622-Guys-1102,59.69,38.385337113468026
IXI-Guys,RandomForest,False,IXI134-Guys-0780,47.35,32.03020715981275
IXI-Guys,RandomForest,False,IXI651-Guys-1118,50.4,52.668437147451975
IXI-Guys,RandomForest,False,IXI662-Guys-1120,41.74,36.67885930563539
IXI-Guys,RandomForest,False,IXI493-Guys-1007,67.77,38.74740399644063
IXI-Guys,RandomForest,False,IXI534-Guys-1062,69.61,53.61801694406092
IXI-Guys,RandomForest,False,IXI617-Guys-1090,39.18,38.38430310331046
IXI-Guys,RandomForest,False,IXI616-Guys-1092,55.09,57.57905225805675
IXI-Guys,RandomForest,False,IXI531-Guys-1057,75.94,34.65889705818904
IXI-Guys,RandomForest,False,IXI533-Guys-1066,73.6,54.73759698821549
IXI-Guys,RandomForest,False,IXI535-Guys-1061,65.26,50.81649292282346
IXI-Guys,RandomForest,False,IXI640-Guys-1106,80.8,51.919131242135656
IXI-Guys,RandomForest,False,IXI627-Guys-1103,68.48,45.19980898690478
IXI-Guys,RandomForest,False,IXI629-Guys-1095,59.26,54.58027740235693
IXI-Guys,RandomForest,False,IXI607-Guys-1097,83.81,44.02968371560846
IXI-Guys,RandomForest,False,IXI504-Guys-1025,68.15,59.788191915297695
IXI-Guys,RandomForest,False,IXI642-Guys-1104,57.07,49.64002557390701
IXI-Guys,RandomForest,False,IXI641-Guys-1105,68.12,49.68434457948292
IXI-Guys,RandomForest,False,IXI487-Guys-1037,66.28,43.031610494336036
IXI-Guys,RandomForest,False,IXI618-Guys-1091,37.95,41.57312725270501
IXI-Guys,RandomForest,False,IXI420-Guys-1028,73.18,31.80616991235089
IXI-Guys,RandomForest,False,IXI639-Guys-1088,86.2,61.94623835409038
IXI-Guys,RandomForest,False,IXI528-Guys-1073,40.53,32.726360618657665
IXI-Guys,RandomForest,False,IXI506-Guys-1035,69.69,40.391262619601264
IXI-Guys,RandomForest,False,IXI507-Guys-1036,71.66,60.262306324603124
IXI-Guys,RandomForest,False,IXI552-Guys-1063,64.66,37.2873618087332
IXI-Guys,RandomForest,False,IXI512-Guys-1054,64.75,40.858669677814184
IXI-Guys,RandomForest,False,IXI551-Guys-1065,70.5,46.29911546911464
IXI-Guys,RandomForest,False,IXI550-Guys-1069,59.91,49.67611573038831
IXI-Guys,RandomForest,False,IXI549-Guys-1046,25.02,17.71463003342116
IXI-Guys,RandomForest,False,IXI523-Guys-1056,63.42,42.23978046975964
IXI-Guys,RandomForest,False,IXI419-Guys-1027,73.18,38.96868004786325
IXI-Guys,RandomForest,False,IXI359-Guys-0918,62.06,45.81394321749678
IXI-Guys,RandomForest,False,IXI486-Guys-1005,63.84,67.64993991904767
IXI-Guys,RandomForest,False,IXI587-Guys-1128,33.59,35.1241427893017
IXI-Guys,RandomForest,False,IXI392-Guys-1064,62.46,54.81259513973061
IXI-Guys,RandomForest,False,IXI358-Guys-0919,62.06,51.46587754372293
IXI-Guys,RandomForest,False,IXI582-Guys-1127,29.77,37.79393137471894
IXI-Guys,RandomForest,False,IXI391-Guys-0934,52.53,51.38366062914859
IXI-Guys,RandomForest,False,IXI630-Guys-1108,54.69,36.379192945099675
IXI-Guys,RandomForest,False,IXI505-Guys-1026,62.25,46.02562977173488
IXI-Guys,RandomForest,False,IXI458-Guys-0993,70.71,31.42107881394915
IXI-Guys,RandomForest,False,IXI368-Guys-0916,54.21,40.16016210281641
IXI-Guys,RandomForest,False,IXI418-Guys-0956,59.74,42.672707460604066
IXI-Guys,RandomForest,False,IXI456-Guys-1019,70.25,62.51179915014294
IXI-Guys,RandomForest,False,IXI381-Guys-1024,59.67,63.05892078566477
IXI-Guys,RandomForest,False,IXI380-Guys-0944,66.91,47.11325998078531
IXI-Guys,RandomForest,False,IXI393-Guys-0941,60.1,56.9333330302081
IXI-Guys,RandomForest,False,IXI360-Guys-0912,54.19,40.29549602962274
IXI-Guys,RandomForest,False,IXI361-Guys-0913,54.19,43.49582157186586
IXI-Guys,RandomForest,False,IXI390-Guys-0931,41.89,41.391921171401414
IXI-Guys,RandomForest,False,IXI455-Guys-0981,68.48,57.72977267496391
IXI-Guys,RandomForest,False,IXI459-Guys-0992,62.43,61.096290597066364
IXI-Guys,RandomForest,False,IXI364-Guys-0920,67.16,51.36233569988101
IXI-Guys,RandomForest,False,IXI365-Guys-0923,66.53,49.44027879356662
IXI-Guys,RandomForest,False,IXI367-Guys-0917,54.21,40.1286274246002
IXI-Guys,RandomForest,False,IXI377-Guys-0937,72.59,60.084293690836965
IXI-Guys,RandomForest,False,IXI450-Guys-1093,68.51,38.17291042976189
IXI-Guys,RandomForest,False,IXI376-Guys-0938,72.59,60.608007709114915
IXI-Guys,RandomForest,False,IXI449-Guys-1082,46.9,43.92587862022466
IXI-Guys,RandomForest,False,IXI369-Guys-0924,60.6,47.56601922546897
IXI-Guys,RandomForest,False,IXI389-Guys-0930,58.37,51.33135903036174
IXI-Guys,RandomForest,False,IXI375-Guys-0925,41.06,30.308835061678494
IXI-Guys,RandomForest,False,IXI412-Guys-0949,58.57,61.70061805165801
IXI-Guys,RandomForest,False,IXI579-Guys-1126,41.22,35.58276984124276
IXI-Guys,RandomForest,False,IXI394-Guys-0940,53.75,36.72821629639004
IXI-Guys,RandomForest,False,IXI397-Guys-0953,51.66,50.116788908298545
IXI-Guys,RandomForest,False,IXI560-Guys-1070,63.87,50.068877438620646
IXI-Guys,RandomForest,False,IXI562-Guys-1131,42.79,36.518732047782805
IXI-Guys,RandomForest,False,IXI480-Guys-1033,60.02,43.83812300859545
IXI-Guys,RandomForest,False,IXI411-Guys-0959,53.41,44.25374427113753
IXI-Guys,RandomForest,False,IXI417-Guys-0939,59.88,41.65575111827435
IXI-Guys,RandomForest,False,IXI468-Guys-0985,67.7,42.95544213905341
IXI-Guys,RandomForest,False,IXI467-Guys-0983,66.95,40.70652940820105
IXI-Guys,RandomForest,False,IXI416-Guys-1051,72.15,53.43171154391536
IXI-Guys,RandomForest,False,IXI415-Guys-0942,72.33,55.203659329004346
IXI-Guys,RandomForest,False,IXI569-Guys-1101,56.96,35.26402229705261
IXI-Guys,RandomForest,False,IXI414-Guys-0957,59.74,47.74351292725178
IXI-Guys,RandomForest,False,IXI413-Guys-0955,59.84,64.98882561743818
IXI-Guys,RandomForest,False,IXI479-Guys-1034,60.02,53.459579626023405
IXI-Guys,RandomForest,False,IXI584-Guys-1129,41.33,37.17781833534987
IXI-Guys,RandomForest,False,IXI585-Guys-1130,28.12,34.39920304032298
IXI-Guys,RandomForest,False,IXI401-Guys-0978,55.58,59.74976034271285
IXI-Guys,RandomForest,False,IXI408-Guys-0962,52.13,57.686796201758746
IXI-Guys,RandomForest,False,IXI399-Guys-0966,73.54,49.06672963059163
IXI-Guys,RandomForest,False,IXI400-Guys-0977,55.58,60.656345994372735
IXI-Guys,RandomForest,False,IXI402-Guys-0961,53.54,39.872958323100754
IXI-Guys,RandomForest,False,IXI460-Guys-0999,60.9,53.05079128571429
IXI-Guys,RandomForest,False,IXI403-Guys-0965,53.54,25.74413253819581
IXI-Guys,RandomForest,False,IXI410-Guys-0958,53.41,48.890675490573685
IXI-Guys,RandomForest,False,IXI379-Guys-0943,66.91,58.30319384963783
IXI-Guys,RandomForest,False,IXI404-Guys-0950,62.74,56.39752155026452
IXI-Guys,RandomForest,False,IXI405-Guys-0948,58.57,52.265805956926435
IXI-Guys,RandomForest,False,IXI406-Guys-0963,58.28,43.700382043955244
IXI-Guys,RandomForest,False,IXI461-Guys-0998,60.9,56.21424017794613
IXI-Guys,RandomForest,False,IXI407-Guys-0964,58.28,51.54216670590784
IXI-Guys,RandomForest,False,IXI409-Guys-0960,70.95,63.11502368001441
IXI-Guys,RandomForest,False,IXI135-Guys-0779,29.0,36.98994160737649
IXI-Guys,RandomForest,False,IXI447-Guys-0979,72.83,53.43479641007691
IXI-Guys,RandomForest,False,IXI398-Guys-0952,51.66,56.105492790740705
IXI-Guys,XGBoost,False,IXI247-Guys-0838,29.82,26.399852752685547
IXI-Guys,XGBoost,False,IXI129-Guys-0775,23.04,28.828773498535156
IXI-Guys,XGBoost,False,IXI249-Guys-1072,68.27,63.7126579284668
IXI-Guys,XGBoost,False,IXI029-Guys-0829,59.22,60.63530349731445
IXI-Guys,XGBoost,False,IXI028-Guys-1038,74.03,58.002891540527344
IXI-Guys,XGBoost,False,IXI208-Guys-0808,34.0,38.67848587036133
IXI-Guys,XGBoost,False,IXI222-Guys-0819,36.06,47.40367889404297
IXI-Guys,XGBoost,False,IXI251-Guys-1055,80.17,49.41250228881836
IXI-Guys,XGBoost,False,IXI227-Guys-0813,67.06,60.81641387939453
IXI-Guys,XGBoost,False,IXI250-Guys-0836,72.88,49.91891098022461
IXI-Guys,XGBoost,False,IXI026-Guys-0696,34.48,28.617286682128906
IXI-Guys,XGBoost,False,IXI264-Guys-0854,44.88,43.522438049316406
IXI-Guys,XGBoost,False,IXI265-Guys-0845,27.38,35.44148635864258
IXI-Guys,XGBoost,False,IXI025-Guys-0852,29.78,36.90135955810547
IXI-Guys,XGBoost,False,IXI098-Guys-0745,29.73,20.8360538482666
IXI-Guys,XGBoost,False,IXI024-Guys-0705,37.7,31.427614212036133
IXI-Guys,XGBoost,False,IXI207-Guys-0809,40.36,37.5665397644043
IXI-Guys,XGBoost,False,IXI229-Guys-0980,72.35,40.52476501464844
IXI-Guys,XGBoost,False,IXI237-Guys-1049,78.2,65.93457794189453
IXI-Guys,XGBoost,False,IXI210-Guys-0856,69.33,55.81930160522461
IXI-Guys,XGBoost,False,IXI023-Guys-0699,33.08,25.45306968688965
IXI-Guys,XGBoost,False,IXI037-Guys-0704,37.21,35.76719665527344
IXI-Guys,XGBoost,False,IXI036-Guys-0736,23.54,21.516611099243164
IXI-Guys,XGBoost,False,IXI031-Guys-0797,31.13,38.82411193847656
IXI-Guys,XGBoost,False,IXI022-Guys-0701,30.67,35.598873138427734
IXI-Guys,XGBoost,False,IXI030-Guys-0708,31.46,23.201679229736328
IXI-Guys,XGBoost,False,IXI236-Guys-0817,25.71,28.166095733642578
IXI-Guys,XGBoost,False,IXI224-Guys-0823,36.92,41.306148529052734
IXI-Guys,XGBoost,False,IXI209-Guys-0804,32.64,34.14261245727539
IXI-Guys,XGBoost,False,IXI240-Guys-0834,39.04,43.12163162231445
IXI-Guys,XGBoost,False,IXI223-Guys-0830,63.25,39.864715576171875
IXI-Guys,XGBoost,False,IXI244-Guys-0841,49.04,35.16534423828125
IXI-Guys,XGBoost,False,IXI241-Guys-0833,30.01,27.688318252563477
IXI-Guys,XGBoost,False,IXI064-Guys-0743,20.07,25.63298797607422
IXI-Guys,XGBoost,False,IXI268-Guys-0858,44.92,28.876359939575195
IXI-Guys,XGBoost,False,IXI027-Guys-0710,30.42,35.44232940673828
IXI-Guys,XGBoost,False,IXI017-Guys-0698,29.09,25.347736358642578
IXI-Guys,XGBoost,False,IXI285-Guys-0857,40.81,29.595691680908203
IXI-Guys,XGBoost,False,IXI016-Guys-0697,55.17,50.81526565551758
IXI-Guys,XGBoost,False,IXI269-Guys-0839,26.58,22.578006744384766
IXI-Guys,XGBoost,False,IXI002-Guys-0828,35.8,33.87120056152344
IXI-Guys,XGBoost,False,IXI320-Guys-0902,29.74,19.70121955871582
IXI-Guys,XGBoost,False,IXI321-Guys-0903,54.74,62.17212677001953
IXI-Guys,XGBoost,False,IXI312-Guys-0887,59.15,54.9278450012207
IXI-Guys,XGBoost,False,IXI324-Guys-0922,60.08,63.507049560546875
IXI-Guys,XGBoost,False,IXI326-Guys-0907,67.74,36.3884391784668
IXI-Guys,XGBoost,False,IXI084-Guys-0741,38.23,37.82279586791992
IXI-Guys,XGBoost,False,IXI330-Guys-0881,44.48,41.59646987915039
IXI-Guys,XGBoost,False,IXI342-Guys-0909,48.68,54.264930725097656
IXI-Guys,XGBoost,False,IXI344-Guys-0905,62.09,35.1507568359375
IXI-Guys,XGBoost,False,IXI348-Guys-0910,38.59,37.748756408691406
IXI-Guys,XGBoost,False,IXI325-Guys-0911,52.67,41.86622619628906
IXI-Guys,XGBoost,False,IXI266-Guys-0853,61.07,58.2277946472168
IXI-Guys,XGBoost,False,IXI311-Guys-0885,61.59,59.63608932495117
IXI-Guys,XGBoost,False,IXI308-Guys-0884,41.2,31.375165939331055
IXI-Guys,XGBoost,False,IXI336-Guys-0904,67.77,38.09164047241211
IXI-Guys,XGBoost,False,IXI317-Guys-0896,67.79,45.85844039916992
IXI-Guys,XGBoost,False,IXI279-Guys-1044,51.88,39.95804214477539
IXI-Guys,XGBoost,False,IXI197-Guys-0811,60.46,49.63584518432617
IXI-Guys,XGBoost,False,IXI299-Guys-0893,53.41,58.80139923095703
IXI-Guys,XGBoost,False,IXI286-Guys-0859,54.28,34.51346206665039
IXI-Guys,XGBoost,False,IXI287-Guys-0863,44.99,65.54515075683594
IXI-Guys,XGBoost,False,IXI288-Guys-0879,78.58,60.11039352416992
IXI-Guys,XGBoost,False,IXI019-Guys-0702,58.66,35.70488357543945
IXI-Guys,XGBoost,False,IXI289-Guys-0864,60.84,54.566280364990234
IXI-Guys,XGBoost,False,IXI297-Guys-0886,51.29,64.00716400146484
IXI-Guys,XGBoost,False,IXI225-Guys-0832,47.01,58.96601104736328
IXI-Guys,XGBoost,False,IXI298-Guys-0861,43.46,46.50938415527344
IXI-Guys,XGBoost,False,IXI318-Guys-0895,54.49,49.24525833129883
IXI-Guys,XGBoost,False,IXI304-Guys-0862,46.59,36.655067443847656
IXI-Guys,XGBoost,False,IXI021-Guys-0703,21.57,30.064697265625
IXI-Guys,XGBoost,False,IXI020-Guys-0700,39.47,44.27493667602539
IXI-Guys,XGBoost,False,IXI200-Guys-0812,49.92,34.07345199584961
IXI-Guys,XGBoost,False,IXI199-Guys-0802,63.66,44.54527282714844
IXI-Guys,XGBoost,False,IXI198-Guys-0803,45.26,36.52645492553711
IXI-Guys,XGBoost,False,IXI300-Guys-0880,38.28,40.40087127685547
IXI-Guys,XGBoost,False,IXI099-Guys-0748,51.75,38.09843444824219
IXI-Guys,XGBoost,False,IXI188-Guys-0798,44.02,41.5748291015625
IXI-Guys,XGBoost,False,IXI053-Guys-0727,53.31,39.17812728881836
IXI-Guys,XGBoost,False,IXI108-Guys-0865,43.16,23.784543991088867
IXI-Guys,XGBoost,False,IXI100-Guys-0747,41.51,38.67720031738281
IXI-Guys,XGBoost,False,IXI101-Guys-0749,45.77,34.024871826171875
IXI-Guys,XGBoost,False,IXI087-Guys-0768,25.66,17.501476287841797
IXI-Guys,XGBoost,False,IXI103-Guys-0750,31.81,34.746089935302734
IXI-Guys,XGBoost,False,IXI106-Guys-0760,36.67,36.011077880859375
IXI-Guys,XGBoost,False,IXI050-Guys-0711,63.19,34.58473587036133
IXI-Guys,XGBoost,False,IXI107-Guys-0761,31.9,35.872093200683594
IXI-Guys,XGBoost,False,IXI109-Guys-0732,36.47,32.44353103637695
IXI-Guys,XGBoost,False,IXI116-Guys-0739,23.85,25.396011352539062
IXI-Guys,XGBoost,False,IXI110-Guys-0733,37.77,34.40784454345703
IXI-Guys,XGBoost,False,IXI111-Guys-0734,25.19,22.305198669433594
IXI-Guys,XGBoost,False,IXI046-Guys-0824,37.73,39.059722900390625
IXI-Guys,XGBoost,False,IXI113-Guys-0776,32.36,34.51594924926758
IXI-Guys,XGBoost,False,IXI045-Guys-0713,40.04,32.21732711791992
IXI-Guys,XGBoost,False,IXI055-Guys-0730,49.4,40.43785095214844
IXI-Guys,XGBoost,False,IXI112-Guys-0735,23.7,25.551973342895508
IXI-Guys,XGBoost,False,IXI075-Guys-0754,35.99,29.974334716796875
IXI-Guys,XGBoost,False,IXI061-Guys-0715,59.0,57.030067443847656
IXI-Guys,XGBoost,False,IXI123-Guys-0774,46.58,59.33634567260742
IXI-Guys,XGBoost,False,IXI085-Guys-0759,31.85,35.616233825683594
IXI-Guys,XGBoost,False,IXI060-Guys-0709,30.7,22.238712310791016
IXI-Guys,XGBoost,False,IXI091-Guys-0762,28.61,22.467933654785156
IXI-Guys,XGBoost,False,IXI065-Guys-0744,23.72,27.159528732299805
IXI-Guys,XGBoost,False,IXI066-Guys-0731,46.17,29.509273529052734
IXI-Guys,XGBoost,False,IXI068-Guys-0756,24.57,23.68332290649414
IXI-Guys,XGBoost,False,IXI114-Guys-0737,65.41,57.99467086791992
IXI-Guys,XGBoost,False,IXI062-Guys-0740,36.22,34.78789138793945
IXI-Guys,XGBoost,False,IXI070-Guys-0767,20.7,24.509218215942383
IXI-Guys,XGBoost,False,IXI071-Guys-0770,37.0,33.68632125854492
IXI-Guys,XGBoost,False,IXI073-Guys-0755,46.37,59.271751403808594
IXI-Guys,XGBoost,False,IXI074-Guys-0771,22.53,27.99529266357422
IXI-Guys,XGBoost,False,IXI076-Guys-0753,55.83,45.43212890625
IXI-Guys,XGBoost,False,IXI078-Guys-0751,28.51,28.12905502319336
IXI-Guys,XGBoost,False,IXI069-Guys-0769,26.27,47.246829986572266
IXI-Guys,XGBoost,False,IXI115-Guys-0738,72.13,51.1702880859375
IXI-Guys,XGBoost,False,IXI086-Guys-0728,30.07,24.1038875579834
IXI-Guys,XGBoost,False,IXI185-Guys-0795,83.46,37.327362060546875
IXI-Guys,XGBoost,False,IXI182-Guys-0792,60.97,35.53506088256836
IXI-Guys,XGBoost,False,IXI077-Guys-0752,36.48,30.255163192749023
IXI-Guys,XGBoost,False,IXI118-Guys-0764,25.93,33.3039436340332
IXI-Guys,XGBoost,False,IXI044-Guys-0712,44.85,41.26865768432617
IXI-Guys,XGBoost,False,IXI119-Guys-0765,32.17,29.251583099365234
IXI-Guys,XGBoost,False,IXI158-Guys-0783,75.63,62.90908432006836
IXI-Guys,XGBoost,False,IXI164-Guys-0844,64.47,53.304931640625
IXI-Guys,XGBoost,False,IXI184-Guys-0794,30.12,34.27787399291992
IXI-Guys,XGBoost,False,IXI166-Guys-0846,41.2,25.556751251220703
IXI-Guys,XGBoost,False,IXI170-Guys-0843,31.59,42.38389587402344
IXI-Guys,XGBoost,False,IXI172-Guys-0982,74.99,45.02773666381836
IXI-Guys,XGBoost,False,IXI177-Guys-0831,34.29,43.73905563354492
IXI-Guys,XGBoost,False,IXI178-Guys-0778,25.41,19.022476196289062
IXI-Guys,XGBoost,False,IXI179-Guys-0777,30.14,25.579364776611328
IXI-Guys,XGBoost,False,IXI181-Guys-0790,45.7,47.4827995300293
IXI-Guys,XGBoost,False,IXI157-Guys-0816,54.43,33.152122497558594
IXI-Guys,XGBoost,False,IXI169-Guys-0842,58.77,41.153167724609375
IXI-Guys,XGBoost,False,IXI246-Guys-0840,42.22,63.8863639831543
IXI-Guys,XGBoost,False,IXI186-Guys-0796,61.15,38.14700698852539
IXI-Guys,XGBoost,False,IXI122-Guys-0773,22.97,28.675323486328125
IXI-Guys,XGBoost,False,IXI089-Guys-0757,49.4,37.398738861083984
IXI-Guys,XGBoost,False,IXI063-Guys-0742,41.12,25.360280990600586
IXI-Guys,XGBoost,False,IXI189-Guys-0799,41.72,30.246400833129883
IXI-Guys,XGBoost,False,IXI191-Guys-0801,44.21,57.05316162109375
IXI-Guys,XGBoost,False,IXI192-Guys-0878,38.94,32.105926513671875
IXI-Guys,XGBoost,False,IXI193-Guys-0810,55.24,57.85232162475586
IXI-Guys,XGBoost,False,IXI194-Guys-0818,48.33,49.211090087890625
IXI-Guys,XGBoost,False,IXI054-Guys-0707,41.75,23.726186752319336
IXI-Guys,XGBoost,False,IXI196-Guys-0805,29.11,24.514270782470703
IXI-Guys,XGBoost,False,IXI156-Guys-0837,59.38,58.85626220703125
IXI-Guys,XGBoost,False,IXI090-Guys-0800,41.82,37.485164642333984
IXI-Guys,XGBoost,False,IXI153-Guys-0782,22.43,25.258092880249023
IXI-Guys,XGBoost,False,IXI043-Guys-0714,22.65,22.37934112548828
IXI-Guys,XGBoost,False,IXI042-Guys-0725,27.82,34.8430061340332
IXI-Guys,XGBoost,False,IXI120-Guys-0766,53.67,57.4614372253418
IXI-Guys,XGBoost,False,IXI121-Guys-0772,35.07,36.808753967285156
IXI-Guys,XGBoost,False,IXI183-Guys-0791,30.18,42.55580520629883
IXI-Guys,XGBoost,False,IXI576-Guys-1077,67.33,60.02397918701172
IXI-Guys,XGBoost,False,IXI270-Guys-0847,61.02,51.1802978515625
IXI-Guys,XGBoost,False,IXI454-Guys-1083,32.58,38.77229690551758
IXI-Guys,XGBoost,False,IXI138-Guys-0746,33.14,32.15419387817383
IXI-Guys,XGBoost,False,IXI154-Guys-0821,24.34,36.82440948486328
IXI-Guys,XGBoost,False,IXI139-Guys-0815,32.94,32.778968811035156
IXI-Guys,XGBoost,False,IXI041-Guys-0706,27.39,31.153398513793945
IXI-Guys,XGBoost,False,IXI141-Guys-0789,46.01,61.3077278137207
IXI-Guys,XGBoost,False,IXI142-Guys-0786,48.25,42.226436614990234
IXI-Guys,XGBoost,False,IXI143-Guys-0785,31.96,32.794029235839844
IXI-Guys,XGBoost,False,IXI145-Guys-0781,49.39,55.971378326416016
IXI-Guys,XGBoost,False,IXI370-Guys-0921,60.6,66.99044036865234
IXI-Guys,XGBoost,False,IXI350-Guys-0908,62.68,52.75691223144531
IXI-Guys,XGBoost,False,IXI040-Guys-0724,44.09,46.80127716064453
IXI-Guys,XGBoost,False,IXI038-Guys-0729,21.38,27.04481315612793
IXI-Guys,XGBoost,False,IXI151-Guys-0793,45.39,58.1569709777832
IXI-Guys,XGBoost,False,IXI140-Guys-0787,27.84,19.67645263671875
IXI-Guys,XGBoost,False,IXI351-Guys-0914,56.92,40.080265045166016
IXI-Guys,XGBoost,False,IXI144-Guys-0788,29.36,23.130361557006836
IXI-Guys,XGBoost,False,IXI429-Guys-0997,55.54,64.51030731201172
IXI-Guys,XGBoost,False,IXI496-Guys-1045,62.8,64.43230438232422
IXI-Guys,XGBoost,False,IXI498-Guys-1050,76.78,64.00531768798828
IXI-Guys,XGBoost,False,IXI499-Guys-1004,82.19,57.59441375732422
IXI-Guys,XGBoost,False,IXI594-Guys-1089,62.0,47.62732696533203
IXI-Guys,XGBoost,False,IXI500-Guys-1017,63.18,45.01405715942383
IXI-Guys,XGBoost,False,IXI495-Guys-1009,60.87,62.118743896484375
IXI-Guys,XGBoost,False,IXI578-Guys-1078,57.86,62.07060241699219
IXI-Guys,XGBoost,False,IXI501-Guys-1016,67.11,41.18185043334961
IXI-Guys,XGBoost,False,IXI502-Guys-1020,63.88,41.548377990722656
IXI-Guys,XGBoost,False,IXI319-Guys-0901,59.47,60.44318389892578
IXI-Guys,XGBoost,False,IXI503-Guys-1021,65.1,57.001094818115234
IXI-Guys,XGBoost,False,IXI653-Guys-1122,46.22,36.804420471191406
IXI-Guys,XGBoost,False,IXI652-Guys-1116,42.99,41.053131103515625
IXI-Guys,XGBoost,False,IXI558-Guys-1079,66.86,55.43928909301758
IXI-Guys,XGBoost,False,IXI432-Guys-0987,57.74,44.40662384033203
IXI-Guys,XGBoost,False,IXI431-Guys-0986,58.78,50.045501708984375
IXI-Guys,XGBoost,False,IXI494-Guys-1008,66.33,35.57145690917969
IXI-Guys,XGBoost,False,IXI422-Guys-1071,37.1,37.405189514160156
IXI-Guys,XGBoost,False,IXI554-Guys-1068,70.11,62.42549133300781
IXI-Guys,XGBoost,False,IXI428-Guys-0996,55.54,56.54800796508789
IXI-Guys,XGBoost,False,IXI497-Guys-1002,72.31,54.88739776611328
IXI-Guys,XGBoost,False,IXI536-Guys-1059,58.83,33.12234115600586
IXI-Guys,XGBoost,False,IXI621-Guys-1100,31.62,28.414873123168945
IXI-Guys,XGBoost,False,IXI591-Guys-1084,59.89,57.29837417602539
IXI-Guys,XGBoost,False,IXI592-Guys-1085,48.08,40.61030578613281
IXI-Guys,XGBoost,False,IXI489-Guys-1014,69.07,42.09113311767578
IXI-Guys,XGBoost,False,IXI490-Guys-1018,70.14,63.20161437988281
IXI-Guys,XGBoost,False,IXI492-Guys-1022,69.29,61.3594856262207
IXI-Guys,XGBoost,False,IXI593-Guys-1109,55.22,42.707550048828125
IXI-Guys,XGBoost,False,IXI491-Guys-1032,75.97,58.596134185791016
IXI-Guys,XGBoost,False,IXI648-Guys-1107,47.72,40.76461410522461
IXI-Guys,XGBoost,False,IXI644-Guys-1121,56.87,34.35105514526367
IXI-Guys,XGBoost,False,IXI555-Guys-1074,65.67,68.34225463867188
IXI-Guys,XGBoost,False,IXI626-Guys-1094,64.27,41.86104965209961
IXI-Guys,XGBoost,False,IXI625-Guys-1098,47.07,27.526918411254883
IXI-Guys,XGBoost,False,IXI622-Guys-1102,59.69,35.63790512084961
IXI-Guys,XGBoost,False,IXI134-Guys-0780,47.35,33.771095275878906
IXI-Guys,XGBoost,False,IXI651-Guys-1118,50.4,54.49449157714844
IXI-Guys,XGBoost,False,IXI662-Guys-1120,41.74,36.74209976196289
IXI-Guys,XGBoost,False,IXI493-Guys-1007,67.77,41.92100524902344
IXI-Guys,XGBoost,False,IXI534-Guys-1062,69.61,56.44507598876953
IXI-Guys,XGBoost,False,IXI617-Guys-1090,39.18,42.26816940307617
IXI-Guys,XGBoost,False,IXI616-Guys-1092,55.09,57.16212463378906
IXI-Guys,XGBoost,False,IXI531-Guys-1057,75.94,36.032649993896484
IXI-Guys,XGBoost,False,IXI533-Guys-1066,73.6,50.1928825378418
IXI-Guys,XGBoost,False,IXI535-Guys-1061,65.26,47.25316619873047
IXI-Guys,XGBoost,False,IXI640-Guys-1106,80.8,56.48381042480469
IXI-Guys,XGBoost,False,IXI627-Guys-1103,68.48,41.18837356567383
IXI-Guys,XGBoost,False,IXI629-Guys-1095,59.26,55.61626052856445
IXI-Guys,XGBoost,False,IXI607-Guys-1097,83.81,42.04545593261719
IXI-Guys,XGBoost,False,IXI504-Guys-1025,68.15,56.641788482666016
IXI-Guys,XGBoost,False,IXI642-Guys-1104,57.07,40.905067443847656
IXI-Guys,XGBoost,False,IXI641-Guys-1105,68.12,48.790138244628906
IXI-Guys,XGBoost,False,IXI487-Guys-1037,66.28,47.39578628540039
IXI-Guys,XGBoost,False,IXI618-Guys-1091,37.95,44.11325454711914
IXI-Guys,XGBoost,False,IXI420-Guys-1028,73.18,32.64235305786133
IXI-Guys,XGBoost,False,IXI639-Guys-1088,86.2,58.6009521484375
IXI-Guys,XGBoost,False,IXI528-Guys-1073,40.53,32.47315979003906
IXI-Guys,XGBoost,False,IXI506-Guys-1035,69.69,38.54496383666992
IXI-Guys,XGBoost,False,IXI507-Guys-1036,71.66,60.20888137817383
IXI-Guys,XGBoost,False,IXI552-Guys-1063,64.66,36.194664001464844
IXI-Guys,XGBoost,False,IXI512-Guys-1054,64.75,41.69565963745117
IXI-Guys,XGBoost,False,IXI551-Guys-1065,70.5,47.89591979980469
IXI-Guys,XGBoost,False,IXI550-Guys-1069,59.91,53.960262298583984
IXI-Guys,XGBoost,False,IXI549-Guys-1046,25.02,17.608369827270508
IXI-Guys,XGBoost,False,IXI523-Guys-1056,63.42,42.66385269165039
IXI-Guys,XGBoost,False,IXI419-Guys-1027,73.18,32.71189498901367
IXI-Guys,XGBoost,False,IXI359-Guys-0918,62.06,50.2027473449707
IXI-Guys,XGBoost,False,IXI486-Guys-1005,63.84,65.71604919433594
IXI-Guys,XGBoost,False,IXI587-Guys-1128,33.59,39.145687103271484
IXI-Guys,XGBoost,False,IXI392-Guys-1064,62.46,55.92567443847656
IXI-Guys,XGBoost,False,IXI358-Guys-0919,62.06,53.69683074951172
IXI-Guys,XGBoost,False,IXI582-Guys-1127,29.77,40.64299392700195
IXI-Guys,XGBoost,False,IXI391-Guys-0934,52.53,44.451297760009766
IXI-Guys,XGBoost,False,IXI630-Guys-1108,54.69,37.438682556152344
IXI-Guys,XGBoost,False,IXI505-Guys-1026,62.25,49.506103515625
IXI-Guys,XGBoost,False,IXI458-Guys-0993,70.71,30.454383850097656
IXI-Guys,XGBoost,False,IXI368-Guys-0916,54.21,34.67997741699219
IXI-Guys,XGBoost,False,IXI418-Guys-0956,59.74,43.10880661010742
IXI-Guys,XGBoost,False,IXI456-Guys-1019,70.25,66.22380065917969
IXI-Guys,XGBoost,False,IXI381-Guys-1024,59.67,61.49625015258789
IXI-Guys,XGBoost,False,IXI380-Guys-0944,66.91,44.412349700927734
IXI-Guys,XGBoost,False,IXI393-Guys-0941,60.1,65.3437728881836
IXI-Guys,XGBoost,False,IXI360-Guys-0912,54.19,39.25215530395508
IXI-Guys,XGBoost,False,IXI361-Guys-0913,54.19,44.90825653076172
IXI-Guys,XGBoost,False,IXI390-Guys-0931,41.89,40.64434814453125
IXI-Guys,XGBoost,False,IXI455-Guys-0981,68.48,61.930397033691406
IXI-Guys,XGBoost,False,IXI459-Guys-0992,62.43,64.8119125366211
IXI-Guys,XGBoost,False,IXI364-Guys-0920,67.16,51.7137451171875
IXI-Guys,XGBoost,False,IXI365-Guys-0923,66.53,46.7892951965332
IXI-Guys,XGBoost,False,IXI367-Guys-0917,54.21,42.49878692626953
IXI-Guys,XGBoost,False,IXI377-Guys-0937,72.59,56.96501922607422
IXI-Guys,XGBoost,False,IXI450-Guys-1093,68.51,33.408668518066406
IXI-Guys,XGBoost,False,IXI376-Guys-0938,72.59,57.69745635986328
IXI-Guys,XGBoost,False,IXI449-Guys-1082,46.9,45.77278518676758
IXI-Guys,XGBoost,False,IXI369-Guys-0924,60.6,48.526329040527344
IXI-Guys,XGBoost,False,IXI389-Guys-0930,58.37,45.68144226074219
IXI-Guys,XGBoost,False,IXI375-Guys-0925,41.06,28.66352081298828
IXI-Guys,XGBoost,False,IXI412-Guys-0949,58.57,68.11739349365234
IXI-Guys,XGBoost,False,IXI579-Guys-1126,41.22,36.255577087402344
IXI-Guys,XGBoost,False,IXI394-Guys-0940,53.75,37.84230041503906
IXI-Guys,XGBoost,False,IXI397-Guys-0953,51.66,43.90861892700195
IXI-Guys,XGBoost,False,IXI560-Guys-1070,63.87,47.48820877075195
IXI-Guys,XGBoost,False,IXI562-Guys-1131,42.79,38.889793395996094
IXI-Guys,XGBoost,False,IXI480-Guys-1033,60.02,41.03177261352539
IXI-Guys,XGBoost,False,IXI411-Guys-0959,53.41,45.20377731323242
IXI-Guys,XGBoost,False,IXI417-Guys-0939,59.88,42.26852798461914
IXI-Guys,XGBoost,False,IXI468-Guys-0985,67.7,42.034751892089844
IXI-Guys,XGBoost,False,IXI467-Guys-0983,66.95,36.235572814941406
IXI-Guys,XGBoost,False,IXI416-Guys-1051,72.15,47.87776565551758
IXI-Guys,XGBoost,False,IXI415-Guys-0942,72.33,55.402713775634766
IXI-Guys,XGBoost,False,IXI569-Guys-1101,56.96,37.552581787109375
IXI-Guys,XGBoost,False,IXI414-Guys-0957,59.74,42.031986236572266
IXI-Guys,XGBoost,False,IXI413-Guys-0955,59.84,68.72298431396484
IXI-Guys,XGBoost,False,IXI479-Guys-1034,60.02,61.645599365234375
IXI-Guys,XGBoost,False,IXI584-Guys-1129,41.33,34.83990478515625
IXI-Guys,XGBoost,False,IXI585-Guys-1130,28.12,33.64471435546875
IXI-Guys,XGBoost,False,IXI401-Guys-0978,55.58,64.52243041992188
IXI-Guys,XGBoost,False,IXI408-Guys-0962,52.13,56.040260314941406
IXI-Guys,XGBoost,False,IXI399-Guys-0966,73.54,45.124755859375
IXI-Guys,XGBoost,False,IXI400-Guys-0977,55.58,62.31644821166992
IXI-Guys,XGBoost,False,IXI402-Guys-0961,53.54,42.80897521972656
IXI-Guys,XGBoost,False,IXI460-Guys-0999,60.9,62.93252944946289
IXI-Guys,XGBoost,False,IXI403-Guys-0965,53.54,27.42367935180664
IXI-Guys,XGBoost,False,IXI410-Guys-0958,53.41,45.50248336791992
IXI-Guys,XGBoost,False,IXI379-Guys-0943,66.91,58.20977020263672
IXI-Guys,XGBoost,False,IXI404-Guys-0950,62.74,65.02088165283203
IXI-Guys,XGBoost,False,IXI405-Guys-0948,58.57,48.385833740234375
IXI-Guys,XGBoost,False,IXI406-Guys-0963,58.28,37.787330627441406
IXI-Guys,XGBoost,False,IXI461-Guys-0998,60.9,63.755550384521484
IXI-Guys,XGBoost,False,IXI407-Guys-0964,58.28,56.24456787109375
IXI-Guys,XGBoost,False,IXI409-Guys-0960,70.95,64.44065856933594
IXI-Guys,XGBoost,False,IXI135-Guys-0779,29.0,34.993858337402344
IXI-Guys,XGBoost,False,IXI447-Guys-0979,72.83,55.01027297973633
IXI-Guys,XGBoost,False,IXI398-Guys-0952,51.66,61.390499114990234
IXI-HH,ElasticNet,False,IXI559-HH-2394,67.82,54.14287502377317
IXI-HH,ElasticNet,False,IXI565-HH-2534,63.82,45.87908470888033
IXI-HH,ElasticNet,False,IXI095-HH-1390,24.9,39.87607853572854
IXI-HH,ElasticNet,False,IXI567-HH-2536,28.56,43.42181310397257
IXI-HH,ElasticNet,False,IXI575-HH-2658,57.75,51.1408195274513
IXI-HH,ElasticNet,False,IXI556-HH-2452,55.64,68.38699890322118
IXI-HH,ElasticNet,False,IXI572-HH-2605,41.95,47.251935487254286
IXI-HH,ElasticNet,False,IXI093-HH-1359,26.88,35.876156659378125
IXI-HH,ElasticNet,False,IXI566-HH-2535,42.97,42.58993941301469
IXI-HH,ElasticNet,False,IXI097-HH-1619,35.02,41.49659633198951
IXI-HH,ElasticNet,False,IXI104-HH-1450,26.98,42.44957983139125
IXI-HH,ElasticNet,False,IXI092-HH-1436,33.24,36.36163488557338
IXI-HH,ElasticNet,False,IXI102-HH-1416,24.62,34.20787300932773
IXI-HH,ElasticNet,False,IXI546-HH-2450,60.07,39.997926382733226
IXI-HH,ElasticNet,False,IXI544-HH-2395,58.04,51.31046961382128
IXI-HH,ElasticNet,False,IXI096-HH-1391,26.92,40.17543132438527
IXI-HH,ElasticNet,False,IXI094-HH-1355,24.85,38.611813605588736
IXI-HH,ElasticNet,False,IXI226-HH-1618,41.9,61.723886576884524
IXI-HH,ElasticNet,False,IXI105-HH-1471,38.9,31.933997626359883
IXI-HH,ElasticNet,False,IXI568-HH-2607,33.69,44.14702733508318
IXI-HH,ElasticNet,False,IXI482-HH-2178,72.09,47.426964787803854
IXI-HH,ElasticNet,False,IXI049-HH-1358,31.85,46.99035002619382
IXI-HH,ElasticNet,False,IXI034-HH-1260,24.34,43.24115895077455
IXI-HH,ElasticNet,False,IXI538-HH-2411,81.94,65.46777960263648
IXI-HH,ElasticNet,False,IXI033-HH-1259,24.76,32.996742366501394
IXI-HH,ElasticNet,False,IXI485-HH-2180,68.85,41.907644301919504
IXI-HH,ElasticNet,False,IXI484-HH-2179,66.37,38.76978151825051
IXI-HH,ElasticNet,False,IXI481-HH-2175,65.33,43.74231422044909
IXI-HH,ElasticNet,False,IXI048-HH-1326,50.65,49.34187501650206
IXI-HH,ElasticNet,False,IXI465-HH-2176,69.28,55.76814831335105
IXI-HH,ElasticNet,False,IXI014-HH-1236,34.24,51.35434571174835
IXI-HH,ElasticNet,False,IXI013-HH-1212,46.71,51.80899345780631
IXI-HH,ElasticNet,False,IXI012-HH-1211,38.78,47.1423880674173
IXI-HH,ElasticNet,False,IXI453-HH-2214,63.42,44.15948968674513
IXI-HH,ElasticNet,False,IXI452-HH-2213,63.4,53.32055257662182
IXI-HH,ElasticNet,False,IXI451-HH-2212,41.13,41.749132612776975
IXI-HH,ElasticNet,False,IXI448-HH-2393,79.41,51.78729963662772
IXI-HH,ElasticNet,False,IXI446-HH-2325,60.11,50.70943775946182
IXI-HH,ElasticNet,False,IXI015-HH-1258,24.28,39.6002648497589
IXI-HH,ElasticNet,False,IXI537-HH-2378,67.46,58.246288496986836
IXI-HH,ElasticNet,False,IXI083-HH-1357,30.89,38.30506300935667
IXI-HH,ElasticNet,False,IXI356-HH-2049,64.1,40.192120821793196
IXI-HH,ElasticNet,False,IXI056-HH-1327,25.94,24.21243677810014
IXI-HH,ElasticNet,False,IXI511-HH-2238,64.58,52.27860358003977
IXI-HH,ElasticNet,False,IXI079-HH-1388,52.53,46.366309660293155
IXI-HH,ElasticNet,False,IXI527-HH-2376,53.33,39.447455221960695
IXI-HH,ElasticNet,False,IXI526-HH-2392,54.61,58.12503569737612
IXI-HH,ElasticNet,False,IXI525-HH-2413,41.52,42.721611539384526
IXI-HH,ElasticNet,False,IXI522-HH-2453,28.93,47.04340354833357
IXI-HH,ElasticNet,False,IXI072-HH-2324,68.6,49.29347890502379
IXI-HH,ElasticNet,False,IXI052-HH-1343,33.76,48.744065856734665
IXI-HH,ElasticNet,False,IXI521-HH-2353,70.84,58.3108688842849
IXI-HH,ElasticNet,False,IXI518-HH-2239,75.83,50.47438659884483
IXI-HH,ElasticNet,False,IXI516-HH-2297,60.41,43.85086349393839
IXI-HH,ElasticNet,False,IXI524-HH-2412,33.52,41.03218585053901
IXI-HH,ElasticNet,False,IXI515-HH-2377,62.09,47.66279826901439
IXI-HH,ElasticNet,False,IXI508-HH-2268,60.93,46.017486083699055
IXI-HH,ElasticNet,False,IXI059-HH-1284,34.14,32.688852328110215
IXI-HH,ElasticNet,False,IXI057-HH-1342,28.16,40.509780887355646
IXI-HH,ElasticNet,False,IXI519-HH-2240,57.51,38.49683487805885
IXI-HH,ElasticNet,False,IXI067-HH-1356,24.69,33.355002534115556
IXI-HH,ElasticNet,False,IXI051-HH-1328,25.74,39.26739223045854
IXI-HH,ElasticNet,False,IXI610-HH-2649,56.68,39.158711752249815
IXI-HH,ElasticNet,False,IXI039-HH-1261,23.35,27.76919242530448
IXI-HH,ElasticNet,False,IXI262-HH-1861,20.93,39.19419231918084
IXI-HH,ElasticNet,False,IXI126-HH-1437,57.22,35.712050714775614
IXI-HH,ElasticNet,False,IXI440-HH-2127,48.1,42.83461897063262
IXI-HH,ElasticNet,False,IXI261-HH-1704,34.21,41.321549618910126
IXI-HH,ElasticNet,False,IXI259-HH-1804,59.78,46.893918501230814
IXI-HH,ElasticNet,False,IXI258-HH-1769,22.57,38.21521415839038
IXI-HH,ElasticNet,False,IXI256-HH-1723,27.38,39.07473386270749
IXI-HH,ElasticNet,False,IXI255-HH-1882,57.7,45.05321632639448
IXI-HH,ElasticNet,False,IXI254-HH-1705,25.58,32.969288726904665
IXI-HH,ElasticNet,False,IXI253-HH-1694,24.0,25.915264277730103
IXI-HH,ElasticNet,False,IXI252-HH-1693,70.56,52.580477938231525
IXI-HH,ElasticNet,False,IXI436-HH-2153,28.35,42.998458568686374
IXI-HH,ElasticNet,False,IXI483-HH-2177,63.39,52.529067263378465
IXI-HH,ElasticNet,False,IXI263-HH-1684,25.21,44.2693097258898
IXI-HH,ElasticNet,False,IXI438-HH-2155,63.68,49.2906903677773
IXI-HH,ElasticNet,False,IXI439-HH-2114,43.92,49.080398292192626
IXI-HH,ElasticNet,False,IXI080-HH-1341,21.2,30.038610654392073
IXI-HH,ElasticNet,False,IXI441-HH-2154,48.1,44.4446186127019
IXI-HH,ElasticNet,False,IXI239-HH-2296,62.96,51.17546063713496
IXI-HH,ElasticNet,False,IXI444-HH-2270,58.38,52.015177759091216
IXI-HH,ElasticNet,False,IXI442-IOP-1041,61.37,34.55103674187558
IXI-HH,ElasticNet,False,IXI443-HH-2215,69.13,52.27666694308732
IXI-HH,ElasticNet,False,IXI260-HH-1805,60.91,51.5498008920473
IXI-HH,ElasticNet,False,IXI248-HH-1972,44.88,57.5954714894865
IXI-HH,ElasticNet,False,IXI646-HH-2653,71.21,77.21320471667468
IXI-HH,ElasticNet,False,IXI357-HH-2076,63.54,46.89008659580236
IXI-HH,ElasticNet,False,IXI437-HH-2152,55.6,49.61409463237305
IXI-HH,ElasticNet,False,IXI274-HH-2294,73.54,81.6957677026785
IXI-HH,ElasticNet,False,IXI603-HH-2701,66.02,54.10877160752534
IXI-HH,ElasticNet,False,IXI275-HH-1803,24.18,29.985375257780106
IXI-HH,ElasticNet,False,IXI354-HH-2024,45.62,46.18210345743228
IXI-HH,ElasticNet,False,IXI353-HH-1996,52.69,41.081119783952204
IXI-HH,ElasticNet,False,IXI338-HH-1971,61.49,45.17431155832162
IXI-HH,ElasticNet,False,IXI335-HH-1906,69.28,36.78677102944732
IXI-HH,ElasticNet,False,IXI334-HH-1907,69.29,49.590401777039915
IXI-HH,ElasticNet,False,IXI329-HH-1908,55.66,46.368350688053056
IXI-HH,ElasticNet,False,IXI327-HH-1999,73.56,43.956302963366625
IXI-HH,ElasticNet,False,IXI383-HH-2099,74.01,86.63744072701616
IXI-HH,ElasticNet,False,IXI384-HH-2100,74.01,95.32310847900544
IXI-HH,ElasticNet,False,IXI385-HH-2078,64.65,46.14979067551303
IXI-HH,ElasticNet,False,IXI386-HH-2077,52.3,51.85555115266743
IXI-HH,ElasticNet,False,IXI387-HH-2101,46.43,52.96786695147125
IXI-HH,ElasticNet,False,IXI316-HH-1862,56.94,41.667506590910875
IXI-HH,ElasticNet,False,IXI313-HH-2241,65.85,49.118103109732374
IXI-HH,ElasticNet,False,IXI396-HH-2115,53.57,48.22488208724474
IXI-HH,ElasticNet,False,IXI296-HH-1970,63.97,47.82105445861771
IXI-HH,ElasticNet,False,IXI302-HH-1883,59.51,43.85072254779402
IXI-HH,ElasticNet,False,IXI601-HH-2700,35.52,34.24952774343092
IXI-HH,ElasticNet,False,IXI362-HH-2051,41.1,41.819501853983866
IXI-HH,ElasticNet,False,IXI168-HH-1607,43.82,41.770788592593135
IXI-HH,ElasticNet,False,IXI242-HH-1722,31.37,45.092068501577046
IXI-HH,ElasticNet,False,IXI577-HH-2661,64.19,50.45279280689397
IXI-HH,ElasticNet,False,IXI276-HH-1840,20.91,36.38567983234327
IXI-HH,ElasticNet,False,IXI159-HH-1549,24.14,38.335371225456356
IXI-HH,ElasticNet,False,IXI278-HH-1771,20.21,31.784501762256355
IXI-HH,ElasticNet,False,IXI280-HH-1860,42.51,43.94684585776008
IXI-HH,ElasticNet,False,IXI221-HH-1606,48.55,31.53079386605225
IXI-HH,ElasticNet,False,IXI282-HH-2025,40.01,44.91235514290702
IXI-HH,ElasticNet,False,IXI277-HH-1770,61.34,52.0438541104395
IXI-HH,ElasticNet,False,IXI217-HH-1638,57.21,48.17178732603588
IXI-HH,ElasticNet,False,IXI161-HH-2533,65.11,46.68035573106181
IXI-HH,ElasticNet,False,IXI167-HH-1569,67.53,55.73457023417143
IXI-HH,ElasticNet,False,IXI165-HH-1589,24.38,26.609889941695656
IXI-HH,ElasticNet,False,IXI606-HH-2601,60.54,41.88302086611452
IXI-HH,ElasticNet,False,IXI163-HH-1621,48.05,34.92265835999535
IXI-HH,ElasticNet,False,IXI162-HH-1548,50.52,35.86783288315985
IXI-HH,ElasticNet,False,IXI160-HH-1637,39.4,47.78852319930502
IXI-HH,ElasticNet,False,IXI605-HH-2598,70.33,46.66566399490068
IXI-HH,ElasticNet,False,IXI284-HH-2354,63.04,52.953316994275156
IXI-HH,ElasticNet,False,IXI295-HH-1814,50.9,56.83634239008859
IXI-HH,ElasticNet,False,IXI613-HH-2734,25.59,32.7626785291294
IXI-HH,ElasticNet,False,IXI363-HH-2050,60.92,51.007222666750295
IXI-HH,ElasticNet,False,IXI205-HH-1649,45.38,38.032377118899944
IXI-HH,ElasticNet,False,IXI150-HH-1550,27.01,36.262004593795496
IXI-HH,ElasticNet,False,IXI148-HH-1453,40.56,42.63199400214671
IXI-HH,ElasticNet,False,IXI146-HH-1389,33.59,37.609273346116765
IXI-HH,ElasticNet,False,IXI586-HH-2451,34.37,40.999128310951505
IXI-HH,ElasticNet,False,IXI137-HH-1472,41.23,41.76512737977191
IXI-HH,ElasticNet,False,IXI136-HH-1452,35.81,34.84788097234491
IXI-HH,ElasticNet,False,IXI132-HH-1415,58.72,45.91112928791756
IXI-HH,ElasticNet,False,IXI131-HH-1527,45.23,47.78754959366938
IXI-HH,ElasticNet,False,IXI608-HH-2599,52.5,43.70185249707947
IXI-HH,ElasticNet,False,IXI130-HH-1528,38.77,40.781408734164984
IXI-HH,ElasticNet,False,IXI127-HH-1451,29.5,45.5764334105703
IXI-HH,ElasticNet,False,IXI599-HH-2659,39.38,45.520896081263345
IXI-HH,ElasticNet,False,IXI609-HH-2600,29.0,34.93550958194419
IXI-HH,ElasticNet,False,IXI600-HH-2660,38.96,34.317025602151034
IXI-HH,ElasticNet,False,IXI216-HH-1635,73.02,48.03134148411709
IXI-HH,ElasticNet,False,IXI214-HH-1636,24.31,31.16510599238177
IXI-HH,ElasticNet,False,IXI213-HH-1642,54.66,56.090838339490006
IXI-HH,ElasticNet,False,IXI212-HH-1643,59.13,56.610384586515465
IXI-HH,ElasticNet,False,IXI128-HH-1470,27.33,39.33923726105172
IXI-HH,ElasticNet,False,IXI598-HH-2606,52.89,51.72787106152282
IXI-HH,ElasticNet,False,IXI211-HH-1568,55.12,41.38400424098609
IXI-HH,ElasticNet,False,IXI173-HH-1590,29.57,34.9181400020625
IXI-HH,ElasticNet,False,IXI635-HH-2691,25.53,29.21709252881783
IXI-HH,ElasticNet,False,IXI204-HH-1651,74.64,53.436196636091495
IXI-HH,ElasticNet,False,IXI202-HH-1526,20.17,40.62683350040368
IXI-HH,ElasticNet,False,IXI201-HH-1588,22.41,30.835923297848012
IXI-HH,ElasticNet,False,IXI633-HH-2689,36.71,42.5805515470513
IXI-HH,ElasticNet,False,IXI632-HH-2652,56.44,44.374602864844405
IXI-HH,ElasticNet,False,IXI631-HH-2651,41.3,46.6823628368611
IXI-HH,ElasticNet,False,IXI195-HH-1620,37.83,33.55088609104962
IXI-HH,ElasticNet,False,IXI614-HH-2735,26.93,47.90665880267022
IXI-HH,ElasticNet,False,IXI180-HH-1605,42.15,37.324846995174084
IXI-HH,ElasticNet,False,IXI634-HH-2690,34.06,41.23034235290902
IXI-HH,ElasticNet,False,IXI611-HH-2650,28.87,39.565365895396326
IXI-HH,ElasticNet,False,IXI176-HH-1604,24.85,41.01859162869289
IXI-HH,ElasticNet,False,IXI174-HH-1571,63.1,54.58765028888024
IXI-HH,ElasticNet,False,IXI218-HH-1815,35.41,32.1944629888078
IXI-HH,ElasticNet,False,IXI445-HH-2269,60.03,44.17712578486976
IXI-HH,ElasticNet,False,IXI612-HH-2688,33.92,37.84692833033262
IXI-HH,ElasticNet,False,IXI267-HH-1772,35.45,39.60071660946778
IXI-HH,ElasticNet,False,IXI206-HH-1650,50.02,47.83670369099377
IXI-HH,RandomForest,False,IXI559-HH-2394,67.82,68.25331633212954
IXI-HH,RandomForest,False,IXI565-HH-2534,63.82,63.10845212452824
IXI-HH,RandomForest,False,IXI095-HH-1390,24.9,37.71274544679031
IXI-HH,RandomForest,False,IXI567-HH-2536,28.56,45.366773578427235
IXI-HH,RandomForest,False,IXI575-HH-2658,57.75,63.38859996440911
IXI-HH,RandomForest,False,IXI556-HH-2452,55.64,59.36128129153441
IXI-HH,RandomForest,False,IXI572-HH-2605,41.95,47.92281675448714
IXI-HH,RandomForest,False,IXI093-HH-1359,26.88,33.840983420330936
IXI-HH,RandomForest,False,IXI566-HH-2535,42.97,43.794577340611895
IXI-HH,RandomForest,False,IXI097-HH-1619,35.02,42.146721622408805
IXI-HH,RandomForest,False,IXI104-HH-1450,26.98,35.42184731546877
IXI-HH,RandomForest,False,IXI092-HH-1436,33.24,36.23295871539468
IXI-HH,RandomForest,False,IXI102-HH-1416,24.62,24.183632276818397
IXI-HH,RandomForest,False,IXI546-HH-2450,60.07,43.909500280881794
IXI-HH,RandomForest,False,IXI544-HH-2395,58.04,59.83573704282683
IXI-HH,RandomForest,False,IXI096-HH-1391,26.92,40.410460501086106
IXI-HH,RandomForest,False,IXI094-HH-1355,24.85,39.45347058240738
IXI-HH,RandomForest,False,IXI226-HH-1618,41.9,54.32341722883598
IXI-HH,RandomForest,False,IXI105-HH-1471,38.9,31.94388368566713
IXI-HH,RandomForest,False,IXI568-HH-2607,33.69,52.50316993988717
IXI-HH,RandomForest,False,IXI482-HH-2178,72.09,59.385322581025754
IXI-HH,RandomForest,False,IXI049-HH-1358,31.85,57.60549932760277
IXI-HH,RandomForest,False,IXI034-HH-1260,24.34,32.72477993349307
IXI-HH,RandomForest,False,IXI538-HH-2411,81.94,54.45963898280425
IXI-HH,RandomForest,False,IXI033-HH-1259,24.76,31.20008102464825
IXI-HH,RandomForest,False,IXI485-HH-2180,68.85,34.6260292126984
IXI-HH,RandomForest,False,IXI484-HH-2179,66.37,32.21206267958411
IXI-HH,RandomForest,False,IXI481-HH-2175,65.33,59.06782597735126
IXI-HH,RandomForest,False,IXI048-HH-1326,50.65,62.39101376482367
IXI-HH,RandomForest,False,IXI465-HH-2176,69.28,54.75764301772492
IXI-HH,RandomForest,False,IXI014-HH-1236,34.24,58.18525475555149
IXI-HH,RandomForest,False,IXI013-HH-1212,46.71,64.36012553854363
IXI-HH,RandomForest,False,IXI012-HH-1211,38.78,53.38040152053788
IXI-HH,RandomForest,False,IXI453-HH-2214,63.42,62.55942878222355
IXI-HH,RandomForest,False,IXI452-HH-2213,63.4,60.934135402934174
IXI-HH,RandomForest,False,IXI451-HH-2212,41.13,40.45759506604678
IXI-HH,RandomForest,False,IXI448-HH-2393,79.41,64.23931405376305
IXI-HH,RandomForest,False,IXI446-HH-2325,60.11,59.14512010803875
IXI-HH,RandomForest,False,IXI015-HH-1258,24.28,55.30097155107441
IXI-HH,RandomForest,False,IXI537-HH-2378,67.46,66.18933273228228
IXI-HH,RandomForest,False,IXI083-HH-1357,30.89,32.993194693583696
IXI-HH,RandomForest,False,IXI356-HH-2049,64.1,35.69890170726609
IXI-HH,RandomForest,False,IXI056-HH-1327,25.94,19.784116930382105
IXI-HH,RandomForest,False,IXI511-HH-2238,64.58,58.63863343176881
IXI-HH,RandomForest,False,IXI079-HH-1388,52.53,52.14760041611471
IXI-HH,RandomForest,False,IXI527-HH-2376,53.33,36.89053787482664
IXI-HH,RandomForest,False,IXI526-HH-2392,54.61,65.52834643407743
IXI-HH,RandomForest,False,IXI525-HH-2413,41.52,54.79188676599669
IXI-HH,RandomForest,False,IXI522-HH-2453,28.93,38.29320112506628
IXI-HH,RandomForest,False,IXI072-HH-2324,68.6,59.38262286545517
IXI-HH,RandomForest,False,IXI052-HH-1343,33.76,51.829022605359974
IXI-HH,RandomForest,False,IXI521-HH-2353,70.84,71.85430457883594
IXI-HH,RandomForest,False,IXI518-HH-2239,75.83,58.21365610392362
IXI-HH,RandomForest,False,IXI516-HH-2297,60.41,44.9777111193853
IXI-HH,RandomForest,False,IXI524-HH-2412,33.52,53.90904683916789
IXI-HH,RandomForest,False,IXI515-HH-2377,62.09,52.338739659022735
IXI-HH,RandomForest,False,IXI508-HH-2268,60.93,58.58694125606477
IXI-HH,RandomForest,False,IXI059-HH-1284,34.14,27.175937709479
IXI-HH,RandomForest,False,IXI057-HH-1342,28.16,31.185237466485262
IXI-HH,RandomForest,False,IXI519-HH-2240,57.51,39.54377850284894
IXI-HH,RandomForest,False,IXI067-HH-1356,24.69,25.88599777058708
IXI-HH,RandomForest,False,IXI051-HH-1328,25.74,34.154642184442324
IXI-HH,RandomForest,False,IXI610-HH-2649,56.68,39.20707026584601
IXI-HH,RandomForest,False,IXI039-HH-1261,23.35,24.113874147465847
IXI-HH,RandomForest,False,IXI262-HH-1861,20.93,26.52189472702546
IXI-HH,RandomForest,False,IXI126-HH-1437,57.22,35.30135222029106
IXI-HH,RandomForest,False,IXI440-HH-2127,48.1,62.03082883743588
IXI-HH,RandomForest,False,IXI261-HH-1704,34.21,49.588463744239995
IXI-HH,RandomForest,False,IXI259-HH-1804,59.78,51.83323513767947
IXI-HH,RandomForest,False,IXI258-HH-1769,22.57,24.652632075605286
IXI-HH,RandomForest,False,IXI256-HH-1723,27.38,37.60491170050719
IXI-HH,RandomForest,False,IXI255-HH-1882,57.7,55.7616129882932
IXI-HH,RandomForest,False,IXI254-HH-1705,25.58,31.715282718781644
IXI-HH,RandomForest,False,IXI253-HH-1694,24.0,19.456702047195602
IXI-HH,RandomForest,False,IXI252-HH-1693,70.56,55.19580042691642
IXI-HH,RandomForest,False,IXI436-HH-2153,28.35,47.56484228281449
IXI-HH,RandomForest,False,IXI483-HH-2177,63.39,55.044732754540334
IXI-HH,RandomForest,False,IXI263-HH-1684,25.21,33.21435905729049
IXI-HH,RandomForest,False,IXI438-HH-2155,63.68,59.92505524402396
IXI-HH,RandomForest,False,IXI439-HH-2114,43.92,57.44289240917099
IXI-HH,RandomForest,False,IXI080-HH-1341,21.2,25.09004099882098
IXI-HH,RandomForest,False,IXI441-HH-2154,48.1,53.779989006391325
IXI-HH,RandomForest,False,IXI239-HH-2296,62.96,62.558127550000776
IXI-HH,RandomForest,False,IXI444-HH-2270,58.38,49.92020087458104
IXI-HH,RandomForest,False,IXI442-IOP-1041,61.37,28.95710431754849
IXI-HH,RandomForest,False,IXI443-HH-2215,69.13,70.80732092569696
IXI-HH,RandomForest,False,IXI260-HH-1805,60.91,64.32682034621315
IXI-HH,RandomForest,False,IXI248-HH-1972,44.88,60.264404388025504
IXI-HH,RandomForest,False,IXI646-HH-2653,71.21,54.808503593915354
IXI-HH,RandomForest,False,IXI357-HH-2076,63.54,55.56499479222804
IXI-HH,RandomForest,False,IXI437-HH-2152,55.6,59.15670946754612
IXI-HH,RandomForest,False,IXI274-HH-2294,73.54,54.670416927248674
IXI-HH,RandomForest,False,IXI603-HH-2701,66.02,65.18104461306811
IXI-HH,RandomForest,False,IXI275-HH-1803,24.18,23.504776588498718
IXI-HH,RandomForest,False,IXI354-HH-2024,45.62,58.21447738741304
IXI-HH,RandomForest,False,IXI353-HH-1996,52.69,52.58340276845901
IXI-HH,RandomForest,False,IXI338-HH-1971,61.49,49.8879468671709
IXI-HH,RandomForest,False,IXI335-HH-1906,69.28,42.113767458618625
IXI-HH,RandomForest,False,IXI334-HH-1907,69.29,57.35661850969362
IXI-HH,RandomForest,False,IXI329-HH-1908,55.66,57.216932942021
IXI-HH,RandomForest,False,IXI327-HH-1999,73.56,55.18577695027011
IXI-HH,RandomForest,False,IXI383-HH-2099,74.01,54.808503593915354
IXI-HH,RandomForest,False,IXI384-HH-2100,74.01,54.808503593915354
IXI-HH,RandomForest,False,IXI385-HH-2078,64.65,57.85669289505034
IXI-HH,RandomForest,False,IXI386-HH-2077,52.3,59.50000811703002
IXI-HH,RandomForest,False,IXI387-HH-2101,46.43,60.82694286132853
IXI-HH,RandomForest,False,IXI316-HH-1862,56.94,55.35847777595873
IXI-HH,RandomForest,False,IXI313-HH-2241,65.85,63.21984758287838
IXI-HH,RandomForest,False,IXI396-HH-2115,53.57,58.54727240379732
IXI-HH,RandomForest,False,IXI296-HH-1970,63.97,49.62432414608929
IXI-HH,RandomForest,False,IXI302-HH-1883,59.51,54.438591826446185
IXI-HH,RandomForest,False,IXI601-HH-2700,35.52,25.275413199226282
IXI-HH,RandomForest,False,IXI362-HH-2051,41.1,38.65697419956111
IXI-HH,RandomForest,False,IXI168-HH-1607,43.82,54.45730874307858
IXI-HH,RandomForest,False,IXI242-HH-1722,31.37,49.19463380278858
IXI-HH,RandomForest,False,IXI577-HH-2661,64.19,56.92725075884662
IXI-HH,RandomForest,False,IXI276-HH-1840,20.91,31.415229330482884
IXI-HH,RandomForest,False,IXI159-HH-1549,24.14,26.908987726806824
IXI-HH,RandomForest,False,IXI278-HH-1771,20.21,23.57725282443174
IXI-HH,RandomForest,False,IXI280-HH-1860,42.51,47.23945063575202
IXI-HH,RandomForest,False,IXI221-HH-1606,48.55,28.41940730217924
IXI-HH,RandomForest,False,IXI282-HH-2025,40.01,48.87881887253713
IXI-HH,RandomForest,False,IXI277-HH-1770,61.34,61.3705966130655
IXI-HH,RandomForest,False,IXI217-HH-1638,57.21,57.31639075134711
IXI-HH,RandomForest,False,IXI161-HH-2533,65.11,54.47644773569556
IXI-HH,RandomForest,False,IXI167-HH-1569,67.53,66.0941566159095
IXI-HH,RandomForest,False,IXI165-HH-1589,24.38,23.468245480169877
IXI-HH,RandomForest,False,IXI606-HH-2601,60.54,56.19350497251098
IXI-HH,RandomForest,False,IXI163-HH-1621,48.05,33.579199126260214
IXI-HH,RandomForest,False,IXI162-HH-1548,50.52,38.78589049648113
IXI-HH,RandomForest,False,IXI160-HH-1637,39.4,53.53533419899242
IXI-HH,RandomForest,False,IXI605-HH-2598,70.33,52.268192245961224
IXI-HH,RandomForest,False,IXI284-HH-2354,63.04,64.78715973719757
IXI-HH,RandomForest,False,IXI295-HH-1814,50.9,64.97951039580423
IXI-HH,RandomForest,False,IXI613-HH-2734,25.59,24.90698555275954
IXI-HH,RandomForest,False,IXI363-HH-2050,60.92,57.42695709279639
IXI-HH,RandomForest,False,IXI205-HH-1649,45.38,48.04604282225281
IXI-HH,RandomForest,False,IXI150-HH-1550,27.01,29.42310844920815
IXI-HH,RandomForest,False,IXI148-HH-1453,40.56,42.935114631992356
IXI-HH,RandomForest,False,IXI146-HH-1389,33.59,36.81698939844168
IXI-HH,RandomForest,False,IXI586-HH-2451,34.37,37.30350322280575
IXI-HH,RandomForest,False,IXI137-HH-1472,41.23,51.609239378588555
IXI-HH,RandomForest,False,IXI136-HH-1452,35.81,26.05609062645825
IXI-HH,RandomForest,False,IXI132-HH-1415,58.72,55.66282268663158
IXI-HH,RandomForest,False,IXI131-HH-1527,45.23,58.288977954840725
IXI-HH,RandomForest,False,IXI608-HH-2599,52.5,56.70696481957544
IXI-HH,RandomForest,False,IXI130-HH-1528,38.77,32.9696594935641
IXI-HH,RandomForest,False,IXI127-HH-1451,29.5,45.13204378727671
IXI-HH,RandomForest,False,IXI599-HH-2659,39.38,56.37216418433568
IXI-HH,RandomForest,False,IXI609-HH-2600,29.0,28.124629840803525
IXI-HH,RandomForest,False,IXI600-HH-2660,38.96,26.938413081228433
IXI-HH,RandomForest,False,IXI216-HH-1635,73.02,61.95639637725399
IXI-HH,RandomForest,False,IXI214-HH-1636,24.31,23.222877367417833
IXI-HH,RandomForest,False,IXI213-HH-1642,54.66,65.73450072179726
IXI-HH,RandomForest,False,IXI212-HH-1643,59.13,71.95421927248674
IXI-HH,RandomForest,False,IXI128-HH-1470,27.33,30.54270762009596
IXI-HH,RandomForest,False,IXI598-HH-2606,52.89,70.21931888476159
IXI-HH,RandomForest,False,IXI211-HH-1568,55.12,41.15212990423698
IXI-HH,RandomForest,False,IXI173-HH-1590,29.57,24.775379833659642
IXI-HH,RandomForest,False,IXI635-HH-2691,25.53,24.483676997710802
IXI-HH,RandomForest,False,IXI204-HH-1651,74.64,60.371157539340324
IXI-HH,RandomForest,False,IXI202-HH-1526,20.17,34.198972632475645
IXI-HH,RandomForest,False,IXI201-HH-1588,22.41,23.082487973575365
IXI-HH,RandomForest,False,IXI633-HH-2689,36.71,41.49275988810363
IXI-HH,RandomForest,False,IXI632-HH-2652,56.44,55.72891865482527
IXI-HH,RandomForest,False,IXI631-HH-2651,41.3,56.80777424327485
IXI-HH,RandomForest,False,IXI195-HH-1620,37.83,28.640985947176706
IXI-HH,RandomForest,False,IXI614-HH-2735,26.93,52.901384236050454
IXI-HH,RandomForest,False,IXI180-HH-1605,42.15,37.849830762190486
IXI-HH,RandomForest,False,IXI634-HH-2690,34.06,38.69761256812892
IXI-HH,RandomForest,False,IXI611-HH-2650,28.87,35.78315883013863
IXI-HH,RandomForest,False,IXI176-HH-1604,24.85,45.777527047178964
IXI-HH,RandomForest,False,IXI174-HH-1571,63.1,63.83183993207938
IXI-HH,RandomForest,False,IXI218-HH-1815,35.41,21.93881632545782
IXI-HH,RandomForest,False,IXI445-HH-2269,60.03,56.08463771826256
IXI-HH,RandomForest,False,IXI612-HH-2688,33.92,39.849999768779284
IXI-HH,RandomForest,False,IXI267-HH-1772,35.45,37.95048294889992
IXI-HH,RandomForest,False,IXI206-HH-1650,50.02,56.55986462343786
IXI-HH,XGBoost,False,IXI559-HH-2394,67.82,72.72581481933594
IXI-HH,XGBoost,False,IXI565-HH-2534,63.82,63.05046081542969
IXI-HH,XGBoost,False,IXI095-HH-1390,24.9,35.46528244018555
IXI-HH,XGBoost,False,IXI567-HH-2536,28.56,42.37955093383789
IXI-HH,XGBoost,False,IXI575-HH-2658,57.75,61.00893020629883
IXI-HH,XGBoost,False,IXI556-HH-2452,55.64,66.21207427978516
IXI-HH,XGBoost,False,IXI572-HH-2605,41.95,45.17283630371094
IXI-HH,XGBoost,False,IXI093-HH-1359,26.88,30.39146614074707
IXI-HH,XGBoost,False,IXI566-HH-2535,42.97,44.23271560668945
IXI-HH,XGBoost,False,IXI097-HH-1619,35.02,43.429683685302734
IXI-HH,XGBoost,False,IXI104-HH-1450,26.98,37.267093658447266
IXI-HH,XGBoost,False,IXI092-HH-1436,33.24,37.31578063964844
IXI-HH,XGBoost,False,IXI102-HH-1416,24.62,24.278993606567383
IXI-HH,XGBoost,False,IXI546-HH-2450,60.07,47.57436752319336
IXI-HH,XGBoost,False,IXI544-HH-2395,58.04,62.126949310302734
IXI-HH,XGBoost,False,IXI096-HH-1391,26.92,41.52450942993164
IXI-HH,XGBoost,False,IXI094-HH-1355,24.85,39.50346755981445
IXI-HH,XGBoost,False,IXI226-HH-1618,41.9,65.93168640136719
IXI-HH,XGBoost,False,IXI105-HH-1471,38.9,34.8847541809082
IXI-HH,XGBoost,False,IXI568-HH-2607,33.69,51.43329620361328
IXI-HH,XGBoost,False,IXI482-HH-2178,72.09,55.86229705810547
IXI-HH,XGBoost,False,IXI049-HH-1358,31.85,61.0435791015625
IXI-HH,XGBoost,False,IXI034-HH-1260,24.34,30.848886489868164
IXI-HH,XGBoost,False,IXI538-HH-2411,81.94,64.84923553466797
IXI-HH,XGBoost,False,IXI033-HH-1259,24.76,31.088848114013672
IXI-HH,XGBoost,False,IXI485-HH-2180,68.85,32.05974197387695
IXI-HH,XGBoost,False,IXI484-HH-2179,66.37,35.1593132019043
IXI-HH,XGBoost,False,IXI481-HH-2175,65.33,58.2003059387207
IXI-HH,XGBoost,False,IXI048-HH-1326,50.65,62.18281555175781
IXI-HH,XGBoost,False,IXI465-HH-2176,69.28,62.489471435546875
IXI-HH,XGBoost,False,IXI014-HH-1236,34.24,63.02410125732422
IXI-HH,XGBoost,False,IXI013-HH-1212,46.71,63.81380081176758
IXI-HH,XGBoost,False,IXI012-HH-1211,38.78,56.012325286865234
IXI-HH,XGBoost,False,IXI453-HH-2214,63.42,63.41933059692383
IXI-HH,XGBoost,False,IXI452-HH-2213,63.4,65.24962615966797
IXI-HH,XGBoost,False,IXI451-HH-2212,41.13,42.82024002075195
IXI-HH,XGBoost,False,IXI448-HH-2393,79.41,63.50670623779297
IXI-HH,XGBoost,False,IXI446-HH-2325,60.11,59.673038482666016
IXI-HH,XGBoost,False,IXI015-HH-1258,24.28,55.05343246459961
IXI-HH,XGBoost,False,IXI537-HH-2378,67.46,69.50906372070312
IXI-HH,XGBoost,False,IXI083-HH-1357,30.89,36.614253997802734
IXI-HH,XGBoost,False,IXI356-HH-2049,64.1,37.12973403930664
IXI-HH,XGBoost,False,IXI056-HH-1327,25.94,19.553665161132812
IXI-HH,XGBoost,False,IXI511-HH-2238,64.58,54.54598617553711
IXI-HH,XGBoost,False,IXI079-HH-1388,52.53,54.21682357788086
IXI-HH,XGBoost,False,IXI527-HH-2376,53.33,39.83766555786133
IXI-HH,XGBoost,False,IXI526-HH-2392,54.61,64.44818115234375
IXI-HH,XGBoost,False,IXI525-HH-2413,41.52,52.250938415527344
IXI-HH,XGBoost,False,IXI522-HH-2453,28.93,37.01219177246094
IXI-HH,XGBoost,False,IXI072-HH-2324,68.6,56.64993667602539
IXI-HH,XGBoost,False,IXI052-HH-1343,33.76,56.05147171020508
IXI-HH,XGBoost,False,IXI521-HH-2353,70.84,74.54843139648438
IXI-HH,XGBoost,False,IXI518-HH-2239,75.83,57.555206298828125
IXI-HH,XGBoost,False,IXI516-HH-2297,60.41,48.988529205322266
IXI-HH,XGBoost,False,IXI524-HH-2412,33.52,51.71718978881836
IXI-HH,XGBoost,False,IXI515-HH-2377,62.09,50.83024597167969
IXI-HH,XGBoost,False,IXI508-HH-2268,60.93,55.62099838256836
IXI-HH,XGBoost,False,IXI059-HH-1284,34.14,26.603803634643555
IXI-HH,XGBoost,False,IXI057-HH-1342,28.16,27.043973922729492
IXI-HH,XGBoost,False,IXI519-HH-2240,57.51,41.3335075378418
IXI-HH,XGBoost,False,IXI067-HH-1356,24.69,24.61638069152832
IXI-HH,XGBoost,False,IXI051-HH-1328,25.74,37.33222579956055
IXI-HH,XGBoost,False,IXI610-HH-2649,56.68,41.61620330810547
IXI-HH,XGBoost,False,IXI039-HH-1261,23.35,23.62849998474121
IXI-HH,XGBoost,False,IXI262-HH-1861,20.93,25.294307708740234
IXI-HH,XGBoost,False,IXI126-HH-1437,57.22,31.3914852142334
IXI-HH,XGBoost,False,IXI440-HH-2127,48.1,61.75999069213867
IXI-HH,XGBoost,False,IXI261-HH-1704,34.21,49.27501678466797
IXI-HH,XGBoost,False,IXI259-HH-1804,59.78,47.714866638183594
IXI-HH,XGBoost,False,IXI258-HH-1769,22.57,23.137636184692383
IXI-HH,XGBoost,False,IXI256-HH-1723,27.38,33.86869812011719
IXI-HH,XGBoost,False,IXI255-HH-1882,57.7,59.27103042602539
IXI-HH,XGBoost,False,IXI254-HH-1705,25.58,30.331438064575195
IXI-HH,XGBoost,False,IXI253-HH-1694,24.0,18.389053344726562
IXI-HH,XGBoost,False,IXI252-HH-1693,70.56,52.12913513183594
IXI-HH,XGBoost,False,IXI436-HH-2153,28.35,49.87998962402344
IXI-HH,XGBoost,False,IXI483-HH-2177,63.39,57.13632583618164
IXI-HH,XGBoost,False,IXI263-HH-1684,25.21,27.357112884521484
IXI-HH,XGBoost,False,IXI438-HH-2155,63.68,55.20790100097656
IXI-HH,XGBoost,False,IXI439-HH-2114,43.92,59.631717681884766
IXI-HH,XGBoost,False,IXI080-HH-1341,21.2,23.21515655517578
IXI-HH,XGBoost,False,IXI441-HH-2154,48.1,54.63618850708008
IXI-HH,XGBoost,False,IXI239-HH-2296,62.96,64.3148422241211
IXI-HH,XGBoost,False,IXI444-HH-2270,58.38,52.7002067565918
IXI-HH,XGBoost,False,IXI442-IOP-1041,61.37,28.759456634521484
IXI-HH,XGBoost,False,IXI443-HH-2215,69.13,66.81371307373047
IXI-HH,XGBoost,False,IXI260-HH-1805,60.91,65.52578735351562
IXI-HH,XGBoost,False,IXI248-HH-1972,44.88,64.8979263305664
IXI-HH,XGBoost,False,IXI646-HH-2653,71.21,65.55561828613281
IXI-HH,XGBoost,False,IXI357-HH-2076,63.54,55.10531234741211
IXI-HH,XGBoost,False,IXI437-HH-2152,55.6,61.08856201171875
IXI-HH,XGBoost,False,IXI274-HH-2294,73.54,65.55561828613281
IXI-HH,XGBoost,False,IXI603-HH-2701,66.02,65.06842803955078
IXI-HH,XGBoost,False,IXI275-HH-1803,24.18,23.74083137512207
IXI-HH,XGBoost,False,IXI354-HH-2024,45.62,55.8642578125
IXI-HH,XGBoost,False,IXI353-HH-1996,52.69,54.532569885253906
IXI-HH,XGBoost,False,IXI338-HH-1971,61.49,51.685890197753906
IXI-HH,XGBoost,False,IXI335-HH-1906,69.28,43.075218200683594
IXI-HH,XGBoost,False,IXI334-HH-1907,69.29,60.483856201171875
IXI-HH,XGBoost,False,IXI329-HH-1908,55.66,57.51415252685547
IXI-HH,XGBoost,False,IXI327-HH-1999,73.56,56.347591400146484
IXI-HH,XGBoost,False,IXI383-HH-2099,74.01,65.90476989746094
IXI-HH,XGBoost,False,IXI384-HH-2100,74.01,65.55561828613281
IXI-HH,XGBoost,False,IXI385-HH-2078,64.65,59.9123420715332
IXI-HH,XGBoost,False,IXI386-HH-2077,52.3,60.29027557373047
IXI-HH,XGBoost,False,IXI387-HH-2101,46.43,62.72884750366211
IXI-HH,XGBoost,False,IXI316-HH-1862,56.94,54.1631965637207
IXI-HH,XGBoost,False,IXI313-HH-2241,65.85,65.25251770019531
IXI-HH,XGBoost,False,IXI396-HH-2115,53.57,59.683753967285156
IXI-HH,XGBoost,False,IXI296-HH-1970,63.97,49.644039154052734
IXI-HH,XGBoost,False,IXI302-HH-1883,59.51,53.90503692626953
IXI-HH,XGBoost,False,IXI601-HH-2700,35.52,25.72095489501953
IXI-HH,XGBoost,False,IXI362-HH-2051,41.1,39.07807540893555
IXI-HH,XGBoost,False,IXI168-HH-1607,43.82,60.62376403808594
IXI-HH,XGBoost,False,IXI242-HH-1722,31.37,46.56956100463867
IXI-HH,XGBoost,False,IXI577-HH-2661,64.19,61.13664245605469
IXI-HH,XGBoost,False,IXI276-HH-1840,20.91,27.420490264892578
IXI-HH,XGBoost,False,IXI159-HH-1549,24.14,23.690898895263672
IXI-HH,XGBoost,False,IXI278-HH-1771,20.21,24.131118774414062
IXI-HH,XGBoost,False,IXI280-HH-1860,42.51,41.302734375
IXI-HH,XGBoost,False,IXI221-HH-1606,48.55,29.397397994995117
IXI-HH,XGBoost,False,IXI282-HH-2025,40.01,47.53886413574219
IXI-HH,XGBoost,False,IXI277-HH-1770,61.34,59.434532165527344
IXI-HH,XGBoost,False,IXI217-HH-1638,57.21,62.0516471862793
IXI-HH,XGBoost,False,IXI161-HH-2533,65.11,49.262237548828125
IXI-HH,XGBoost,False,IXI167-HH-1569,67.53,65.0653076171875
IXI-HH,XGBoost,False,IXI165-HH-1589,24.38,23.23053741455078
IXI-HH,XGBoost,False,IXI606-HH-2601,60.54,57.7501106262207
IXI-HH,XGBoost,False,IXI163-HH-1621,48.05,36.27798843383789
IXI-HH,XGBoost,False,IXI162-HH-1548,50.52,36.757728576660156
IXI-HH,XGBoost,False,IXI160-HH-1637,39.4,56.40395736694336
IXI-HH,XGBoost,False,IXI605-HH-2598,70.33,58.863914489746094
IXI-HH,XGBoost,False,IXI284-HH-2354,63.04,66.76712799072266
IXI-HH,XGBoost,False,IXI295-HH-1814,50.9,66.34424591064453
IXI-HH,XGBoost,False,IXI613-HH-2734,25.59,25.44991111755371
IXI-HH,XGBoost,False,IXI363-HH-2050,60.92,55.2296142578125
IXI-HH,XGBoost,False,IXI205-HH-1649,45.38,49.46574401855469
IXI-HH,XGBoost,False,IXI150-HH-1550,27.01,27.218685150146484
IXI-HH,XGBoost,False,IXI148-HH-1453,40.56,47.94363021850586
IXI-HH,XGBoost,False,IXI146-HH-1389,33.59,35.41305923461914
IXI-HH,XGBoost,False,IXI586-HH-2451,34.37,39.985252380371094
IXI-HH,XGBoost,False,IXI137-HH-1472,41.23,52.705345153808594
IXI-HH,XGBoost,False,IXI136-HH-1452,35.81,27.29234504699707
IXI-HH,XGBoost,False,IXI132-HH-1415,58.72,52.90412139892578
IXI-HH,XGBoost,False,IXI131-HH-1527,45.23,59.96110534667969
IXI-HH,XGBoost,False,IXI608-HH-2599,52.5,57.83237838745117
IXI-HH,XGBoost,False,IXI130-HH-1528,38.77,32.6606559753418
IXI-HH,XGBoost,False,IXI127-HH-1451,29.5,43.95515441894531
IXI-HH,XGBoost,False,IXI599-HH-2659,39.38,58.979618072509766
IXI-HH,XGBoost,False,IXI609-HH-2600,29.0,26.841238021850586
IXI-HH,XGBoost,False,IXI600-HH-2660,38.96,27.072603225708008
IXI-HH,XGBoost,False,IXI216-HH-1635,73.02,60.57977294921875
IXI-HH,XGBoost,False,IXI214-HH-1636,24.31,21.587797164916992
IXI-HH,XGBoost,False,IXI213-HH-1642,54.66,69.58284759521484
IXI-HH,XGBoost,False,IXI212-HH-1643,59.13,68.18727111816406
IXI-HH,XGBoost,False,IXI128-HH-1470,27.33,30.841562271118164
IXI-HH,XGBoost,False,IXI598-HH-2606,52.89,70.65430450439453
IXI-HH,XGBoost,False,IXI211-HH-1568,55.12,39.18714904785156
IXI-HH,XGBoost,False,IXI173-HH-1590,29.57,24.152629852294922
IXI-HH,XGBoost,False,IXI635-HH-2691,25.53,24.47413444519043
IXI-HH,XGBoost,False,IXI204-HH-1651,74.64,65.8388442993164
IXI-HH,XGBoost,False,IXI202-HH-1526,20.17,32.072566986083984
IXI-HH,XGBoost,False,IXI201-HH-1588,22.41,20.087139129638672
IXI-HH,XGBoost,False,IXI633-HH-2689,36.71,38.62397766113281
IXI-HH,XGBoost,False,IXI632-HH-2652,56.44,51.54670715332031
IXI-HH,XGBoost,False,IXI631-HH-2651,41.3,58.29527282714844
IXI-HH,XGBoost,False,IXI195-HH-1620,37.83,27.45364761352539
IXI-HH,XGBoost,False,IXI614-HH-2735,26.93,51.271690368652344
IXI-HH,XGBoost,False,IXI180-HH-1605,42.15,36.884971618652344
IXI-HH,XGBoost,False,IXI634-HH-2690,34.06,38.98945236206055
IXI-HH,XGBoost,False,IXI611-HH-2650,28.87,32.556697845458984
IXI-HH,XGBoost,False,IXI176-HH-1604,24.85,44.60401153564453
IXI-HH,XGBoost,False,IXI174-HH-1571,63.1,63.30624771118164
IXI-HH,XGBoost,False,IXI218-HH-1815,35.41,22.891963958740234
IXI-HH,XGBoost,False,IXI445-HH-2269,60.03,57.0897216796875
IXI-HH,XGBoost,False,IXI612-HH-2688,33.92,44.20101547241211
IXI-HH,XGBoost,False,IXI267-HH-1772,35.45,36.55533981323242
IXI-HH,XGBoost,False,IXI206-HH-1650,50.02,51.24977111816406
